name,_id,run_start_time,run_end_time,status,status_message,bestest_building_thermal_envelope_and_fabric_load_tests.case_num,bestest_building_thermal_envelope_and_fabric_load_reports.annual_cooling,bestest_building_thermal_envelope_and_fabric_load_reports.annual_heating,bestest_building_thermal_envelope_and_fabric_load_reports.avg_temp,bestest_building_thermal_envelope_and_fabric_load_reports.east_incident_solar_radiation,bestest_building_thermal_envelope_and_fabric_load_reports.horizontal_incident_solar_radiation,bestest_building_thermal_envelope_and_fabric_load_reports.max_index_position,bestest_building_thermal_envelope_and_fabric_load_reports.max_temp,bestest_building_thermal_envelope_and_fabric_load_reports.min_index_position,bestest_building_thermal_envelope_and_fabric_load_reports.min_temp,bestest_building_thermal_envelope_and_fabric_load_reports.north_incident_solar_radiation,bestest_building_thermal_envelope_and_fabric_load_reports.peak_cooling_time_display_name,bestest_building_thermal_envelope_and_fabric_load_reports.peak_cooling_value,bestest_building_thermal_envelope_and_fabric_load_reports.peak_heating_time_display_name,bestest_building_thermal_envelope_and_fabric_load_reports.peak_heating_value,bestest_building_thermal_envelope_and_fabric_load_reports.sens_htg_clg_0104,bestest_building_thermal_envelope_and_fabric_load_reports.south_incident_solar_radiation,bestest_building_thermal_envelope_and_fabric_load_reports.surf_out_inst_slr_rad_0305_zone_surface_south,bestest_building_thermal_envelope_and_fabric_load_reports.surf_out_inst_slr_rad_0305_zone_surface_west,bestest_building_thermal_envelope_and_fabric_load_reports.surf_out_inst_slr_rad_0727_zone_surface_south,bestest_building_thermal_envelope_and_fabric_load_reports.surf_out_inst_slr_rad_0727_zone_surface_west,bestest_building_thermal_envelope_and_fabric_load_reports.temp_0104,bestest_building_thermal_envelope_and_fabric_load_reports.temp_0727,bestest_building_thermal_envelope_and_fabric_load_reports.temp_bins,bestest_building_thermal_envelope_and_fabric_load_reports.west_incident_solar_radiation,bestest_building_thermal_envelope_and_fabric_load_reports.zone_total_transmitted_beam_solar_radiation,standard_report_legacy.total_electricity,standard_report_legacy.total_natural_gas,standard_reports.eui,standard_reports.time_setpoint_not_met_during_occupied_cooling,standard_reports.time_setpoint_not_met_during_occupied_heating,standard_reports.time_setpoint_not_met_during_occupied_hours,standard_reports.total_building_area
LHS Autogenerated 22,021c8fbb-4b6c-4ad3-8bd7-0b9b8d50bde4,2016-10-24T19:09:02Z,2016-10-24T19:09:28Z,completed,completed normal,650FF,0.0,0.0,18.643454535863263,,,6951.0,63.50222875366665,78.0,-23.04376978498285,,01-JAN-00:15,0.0,01-JAN-00:15,0.0,,,,,,,"[""January 4"", -21.6, -22.8, -23.0, -22.9, -23.0, -23.0, -23.0, -22.2, -18.8, -11.5, -1.7, 9.4, 19.1, 26.2, 30.5, 31.3, 27.1, 20.7, -5.0, -11.2, -14.6, -16.5, -17.3, -17.7]","[""July 27"", 22.8, 21.3, 20.4, 19.5, 19.0, 19.3, 21.4, 23.8, 26.7, 31.1, 35.2, 39.9, 44.0, 47.0, 48.6, 48.7, 48.0, 46.6, 35.2, 31.7, 29.3, 27.2, 25.8, 24.5]","[7, 14, 13, 12, 12, 7, 7, 9, 16, 31, 46, 51, 65, 74, 87, 85, 132, 155, 150, 179, 195, 192, 188, 172, 196, 187, 183, 196, 175, 172, 190, 197, 207, 205, 216, 224, 218, 219, 218, 197, 173, 176, 168, 140, 139, 122, 110, 113, 117, 98, 106, 103, 111, 114, 108, 91, 103, 100, 98, 106, 102, 107, 98, 94, 80, 94, 82, 68, 83, 53, 65, 59, 60, 48, 46, 26, 30, 26, 8, 9, 3, 3, 1, 3, 0, 0, 0, 0, 0, 0, 0]",,,0.0,0.0,0.0,,,,516.6677000020667
LHS Autogenerated 32,089804a7-faea-4cab-b662-5ba444483fb8,2016-10-24T19:09:02Z,2016-10-24T19:09:29Z,completed,completed normal,410 - Infiltration,0.18611111111111112,7.094444444444444,21.189689004427418,,,4262.0,27.000000000000092,871.0,19.999999999999623,,26-JUL-15:30,1.00169,04-JAN-05:00,3.8849,"[""January 4January 4"", ""HeatingCooling"", 3.68, 3.79, 3.82, 3.83, 3.88, 3.88, 3.86, 3.81, 3.49, 3.12, 2.71, 2.44, 2.39, 2.24, 2.18, 2.3, 2.71, 3.11, 3.33, 3.4, 3.46, 3.52, 3.48, 3.41]",,,,,,"[""January 4"", 20.0, 20.0, 20.0, 20.0, 20.0, 20.0, 20.0, 20.0, 20.0, 20.0, 20.0, 20.0, 20.0, 20.0, 20.0, 20.0, 20.0, 20.0, 20.0, 20.0, 20.0, 20.0, 20.0, 20.0]","[""July 27"", 25.1, 24.1, 23.3, 22.5, 21.8, 21.3, 21.5, 22.5, 24.1, 26.0, 27.0, 27.0, 27.0, 27.0, 27.0, 27.0, 27.0, 27.0, 27.0, 27.0, 27.0, 26.7, 26.2, 25.6]","[0, 0, 0, 0, 0, 0, 0, 0, 0, 0, 0, 0, 0, 0, 0, 0, 0, 0, 0, 0, 0, 0, 0, 0, 0, 0, 0, 0, 0, 0, 0, 0, 0, 0, 0, 0, 0, 0, 0, 1716, 4747, 358, 352, 309, 287, 247, 548, 196, 0, 0, 0, 0, 0, 0, 0, 0, 0, 0, 0, 0, 0, 0, 0, 0, 0, 0, 0, 0, 0, 0, 0, 0, 0, 0, 0, 0, 0, 0, 0, 0, 0, 0, 0, 0, 0, 0, 0, 0, 0, 0, 0]",,,0.0,0.0,56.37360358913811,,,,516.6677000020667
LHS Autogenerated 39,08bf7f5a-030a-4c7d-a7ef-ff373cc4835d,2016-10-24T19:09:02Z,2016-10-24T19:09:32Z,completed,completed normal,300 - East/West Window Orientation,5.466666666666667,4.497222222222223,20.0,,,96.0,20.000000000000444,2577.0,19.999999999999744,,02-JUL-09:15,3.9594400000000003,04-JAN-04:15,3.01865,"[""January 4January 4"", ""HeatingCooling"", 2.87, 2.95, 2.99, 3.01, 3.01, 3.01, 3.01, 2.76, 1.9, 1.35, 1.1, 1.29, 1.5, 1.3, 0.88, 0.65, 1.11, 1.92, 2.36, 2.56, 2.66, 2.71, 2.7, 2.68]",,,,,,"[""January 4"", 20.0, 20.0, 20.0, 20.0, 20.0, 20.0, 20.0, 20.0, 20.0, 20.0, 20.0, 20.0, 20.0, 20.0, 20.0, 20.0, 20.0, 20.0, 20.0, 20.0, 20.0, 20.0, 20.0, 20.0]","[""July 27"", 20.0, 20.0, 20.0, 20.0, 20.0, 20.0, 20.0, 20.0, 20.0, 20.0, 20.0, 20.0, 20.0, 20.0, 20.0, 20.0, 20.0, 20.0, 20.0, 20.0, 20.0, 20.0, 20.0, 20.0]","[0, 0, 0, 0, 0, 0, 0, 0, 0, 0, 0, 0, 0, 0, 0, 0, 0, 0, 0, 0, 0, 0, 0, 0, 0, 0, 0, 0, 0, 0, 0, 0, 0, 0, 0, 0, 0, 0, 0, 1435, 7325, 0, 0, 0, 0, 0, 0, 0, 0, 0, 0, 0, 0, 0, 0, 0, 0, 0, 0, 0, 0, 0, 0, 0, 0, 0, 0, 0, 0, 0, 0, 0, 0, 0, 0, 0, 0, 0, 0, 0, 0, 0, 0, 0, 0, 0, 0, 0, 0, 0, 0]",,,0.0,0.0,65.80283634046157,,,,516.6677000020667
LHS Autogenerated 15,0c18a30b-8cf0-4de5-ac3e-dc61b7bdc560,2016-10-24T19:09:33Z,2016-10-24T19:09:59Z,completed,completed normal,200 - Surface Convection/Infrared Radiation,1.7083333333333333,4.772222222222222,20.0,,,870.0,20.00000000000036,7228.0,19.999999999999716,,05-SEP-12:45,2.20585,04-JAN-05:15,2.85919,"[""January 4January 4"", ""HeatingCooling"", 2.67, 2.75, 2.77, 2.78, 2.84, 2.85, 2.84, 2.77, 2.36, 1.97, 1.6, 1.37, 1.4, 1.32, 1.29, 1.37, 1.8, 2.2, 2.41, 2.46, 2.52, 2.59, 2.57, 2.49]",,,,,,"[""January 4"", 20.0, 20.0, 20.0, 20.0, 20.0, 20.0, 20.0, 20.0, 20.0, 20.0, 20.0, 20.0, 20.0, 20.0, 20.0, 20.0, 20.0, 20.0, 20.0, 20.0, 20.0, 20.0, 20.0, 20.0]","[""July 27"", 20.0, 20.0, 20.0, 20.0, 20.0, 20.0, 20.0, 20.0, 20.0, 20.0, 20.0, 20.0, 20.0, 20.0, 20.0, 20.0, 20.0, 20.0, 20.0, 20.0, 20.0, 20.0, 20.0, 20.0]","[0, 0, 0, 0, 0, 0, 0, 0, 0, 0, 0, 0, 0, 0, 0, 0, 0, 0, 0, 0, 0, 0, 0, 0, 0, 0, 0, 0, 0, 0, 0, 0, 0, 0, 0, 0, 0, 0, 0, 1338, 7422, 0, 0, 0, 0, 0, 0, 0, 0, 0, 0, 0, 0, 0, 0, 0, 0, 0, 0, 0, 0, 0, 0, 0, 0, 0, 0, 0, 0, 0, 0, 0, 0, 0, 0, 0, 0, 0, 0, 0, 0, 0, 0, 0, 0, 0, 0, 0, 0, 0, 0]",,,0.0,0.0,42.798443596960375,,,,516.6677000020667
LHS Autogenerated 12,0c47940c-85be-4bcd-8d27-056d69478c96,2016-10-24T19:09:35Z,2016-10-24T19:10:01Z,completed,completed normal,800 - High-Mass without Solar Gains,0.12222222222222222,5.602777777777778,21.46122951520725,,,4815.0,27.00000000000005,50.0,19.999999999999613,,28-JUL-14:00,0.6469,04-JAN-07:15,3.5502,"[""January 4January 4"", ""HeatingCooling"", 3.34, 3.43, 3.44, 3.46, 3.52, 3.54, 3.54, 3.51, 3.34, 3.14, 2.86, 2.68, 2.6, 2.48, 2.44, 2.52, 2.76, 2.94, 3.02, 3.03, 3.09, 3.15, 3.13, 3.08]",,,,,,"[""January 4"", 20.0, 20.0, 20.0, 20.0, 20.0, 20.0, 20.0, 20.0, 20.0, 20.0, 20.0, 20.0, 20.0, 20.0, 20.0, 20.0, 20.0, 20.0, 20.0, 20.0, 20.0, 20.0, 20.0, 20.0]","[""July 27"", 27.0, 26.9, 26.6, 26.5, 26.3, 26.2, 26.4, 26.9, 27.0, 27.0, 27.0, 27.0, 27.0, 27.0, 27.0, 27.0, 27.0, 27.0, 27.0, 27.0, 27.0, 27.0, 27.0, 27.0]","[0, 0, 0, 0, 0, 0, 0, 0, 0, 0, 0, 0, 0, 0, 0, 0, 0, 0, 0, 0, 0, 0, 0, 0, 0, 0, 0, 0, 0, 0, 0, 0, 0, 0, 0, 0, 0, 0, 0, 1596, 4343, 463, 387, 365, 359, 360, 617, 270, 0, 0, 0, 0, 0, 0, 0, 0, 0, 0, 0, 0, 0, 0, 0, 0, 0, 0, 0, 0, 0, 0, 0, 0, 0, 0, 0, 0, 0, 0, 0, 0, 0, 0, 0, 0, 0, 0, 0, 0, 0, 0, 0]",,,0.0,0.0,45.366717108994,,,,516.6677000020667
LHS Autogenerated 21,0f8e22e3-7e08-4fc8-8077-74ba8d12236c,2016-10-24T19:09:02Z,2016-10-24T19:09:27Z,completed,completed normal,950FF,0.0,0.0,14.497401618728814,,,5871.0,36.64796872201855,78.0,-20.338242034032998,,01-JAN-00:15,0.0,01-JAN-00:15,0.0,,,,,,,"[""January 4"", -18.4, -19.4, -19.6, -19.7, -19.9, -20.1, -20.3, -16.7, -14.6, -12.3, -9.1, -6.4, -4.2, -2.3, -1.2, -1.1, -2.2, -3.4, -13.0, -13.8, -14.4, -14.8, -14.8, -15.0]","[""July 27"", 24.6, 23.7, 23.0, 22.4, 22.0, 22.2, 23.6, 26.8, 28.6, 30.0, 31.2, 32.4, 33.4, 34.0, 34.4, 34.4, 34.4, 34.1, 30.5, 29.4, 28.6, 27.5, 26.9, 26.1]","[4, 1, 7, 8, 11, 13, 9, 15, 10, 9, 18, 11, 19, 30, 44, 62, 69, 97, 112, 134, 151, 169, 197, 230, 209, 240, 238, 248, 272, 284, 267, 262, 272, 266, 292, 311, 320, 304, 323, 351, 325, 359, 334, 286, 252, 217, 206, 174, 169, 141, 121, 89, 98, 58, 32, 5, 3, 0, 0, 0, 0, 0, 0, 0, 0, 0, 0, 0, 0, 0, 0, 0, 0, 0, 0, 0, 0, 0, 0, 0, 0, 0, 0, 0, 0, 0, 0, 0, 0, 0, 0]",,,0.0,0.0,0.0,,,,516.6677000020667
LHS Autogenerated 27,17948f85-6293-48d0-b512-ea75570ea16c,2016-10-24T19:09:02Z,2016-10-24T19:09:30Z,completed,completed normal,215 - Exterior Infrared Radiation,1.711111111111111,4.7749999999999995,20.0,,,863.0,20.000000000000355,406.0,19.99999999999971,,05-SEP-12:45,2.2363000000000004,04-JAN-05:15,2.8826799999999997,"[""January 4January 4"", ""HeatingCooling"", 2.69, 2.77, 2.79, 2.8, 2.87, 2.88, 2.86, 2.79, 2.4, 2.02, 1.66, 1.42, 1.43, 1.34, 1.3, 1.38, 1.8, 2.18, 2.38, 2.45, 2.52, 2.6, 2.59, 2.51]",,,,,,"[""January 4"", 20.0, 20.0, 20.0, 20.0, 20.0, 20.0, 20.0, 20.0, 20.0, 20.0, 20.0, 20.0, 20.0, 20.0, 20.0, 20.0, 20.0, 20.0, 20.0, 20.0, 20.0, 20.0, 20.0, 20.0]","[""July 27"", 20.0, 20.0, 20.0, 20.0, 20.0, 20.0, 20.0, 20.0, 20.0, 20.0, 20.0, 20.0, 20.0, 20.0, 20.0, 20.0, 20.0, 20.0, 20.0, 20.0, 20.0, 20.0, 20.0, 20.0]","[0, 0, 0, 0, 0, 0, 0, 0, 0, 0, 0, 0, 0, 0, 0, 0, 0, 0, 0, 0, 0, 0, 0, 0, 0, 0, 0, 0, 0, 0, 0, 0, 0, 0, 0, 0, 0, 0, 0, 1340, 7420, 0, 0, 0, 0, 0, 0, 0, 0, 0, 0, 0, 0, 0, 0, 0, 0, 0, 0, 0, 0, 0, 0, 0, 0, 0, 0, 0, 0, 0, 0, 0, 0, 0, 0, 0, 0, 0, 0, 0, 0, 0, 0, 0, 0, 0, 0, 0, 0, 0, 0]",,,0.0,0.0,42.835133218560856,,,,516.6677000020667
LHS Autogenerated 25,204faa6e-e561-4a7d-81e4-8cb3d95daed8,2016-10-24T19:09:02Z,2016-10-24T19:09:32Z,completed,completed normal,950 - High-Mass Night Ventilation,0.5305555555555554,0.0,14.120196807841426,,,4362.0,31.442362453371953,78.0,-20.338242034032998,,02-SEP-14:15,2.4203200000000002,01-JAN-00:15,0.0,"[""January 4January 4"", ""HeatingCooling"", 0.0, 0.0, 0.0, 0.0, 0.0, 0.0, 0.0, 0.0, 0.0, 0.0, 0.0, 0.0, 0.0, 0.0, 0.0, 0.0, 0.0, 0.0, 0.0, 0.0, 0.0, 0.0, 0.0, 0.0]",,,,,,"[""January 4"", -18.4, -19.4, -19.6, -19.7, -19.9, -20.1, -20.3, -16.7, -14.6, -12.3, -9.1, -6.4, -4.2, -2.3, -1.2, -1.1, -2.2, -3.4, -13.0, -13.8, -14.4, -14.8, -14.8, -15.0]","[""July 27"", 23.8, 23.0, 22.4, 21.9, 21.5, 21.7, 23.1, 26.0, 27.0, 27.0, 27.0, 27.0, 27.0, 27.0, 27.0, 27.0, 27.0, 27.0, 29.0, 28.3, 27.5, 26.5, 25.9, 25.2]","[4, 1, 7, 8, 11, 13, 9, 15, 10, 9, 18, 11, 19, 30, 44, 62, 69, 97, 112, 134, 151, 169, 197, 230, 210, 240, 238, 248, 273, 287, 267, 262, 281, 258, 303, 306, 332, 311, 339, 349, 344, 373, 328, 286, 250, 231, 284, 693, 19, 10, 4, 2, 0, 0, 0, 0, 0, 0, 0, 0, 0, 0, 0, 0, 0, 0, 0, 0, 0, 0, 0, 0, 0, 0, 0, 0, 0, 0, 0, 0, 0, 0, 0, 0, 0, 0, 0, 0, 0, 0, 0]",,,0.0,0.0,4.200961673255004,,,,516.6677000020667
LHS Autogenerated 6,34bc7e95-20a9-4033-aa3e-17afa7164d8b,2016-10-24T19:09:37Z,2016-10-24T19:10:08Z,completed,completed normal,630 - East/West Shading,2.7805555555555554,4.8805555555555555,22.678227171864215,,,4265.0,27.000000000000327,1348.0,19.999999999999723,,26-JUL-16:45,3.42201,04-JAN-04:15,3.7254899999999997,"[""January 4January 4"", ""HeatingCooling"", 3.57, 3.67, 3.7, 3.71, 3.72, 3.72, 3.72, 3.52, 2.75, 2.22, 1.97, 1.87, 1.87, 1.77, 1.5, 1.35, 1.85, 2.65, 3.05, 3.21, 3.3, 3.34, 3.31, 3.29]",,,,,,"[""January 4"", 20.0, 20.0, 20.0, 20.0, 20.0, 20.0, 20.0, 20.0, 20.0, 20.0, 20.0, 20.0, 20.0, 20.0, 20.0, 20.0, 20.0, 20.0, 20.0, 20.0, 20.0, 20.0, 20.0, 20.0]","[""July 27"", 26.1, 25.2, 24.4, 23.6, 22.9, 23.0, 25.2, 27.0, 27.0, 27.0, 27.0, 27.0, 27.0, 27.0, 27.0, 27.0, 27.0, 27.0, 27.0, 27.0, 27.0, 27.0, 27.0, 26.7]","[0, 0, 0, 0, 0, 0, 0, 0, 0, 0, 0, 0, 0, 0, 0, 0, 0, 0, 0, 0, 0, 0, 0, 0, 0, 0, 0, 0, 0, 0, 0, 0, 0, 0, 0, 0, 0, 0, 0, 1123, 3383, 384, 383, 359, 317, 322, 1528, 961, 0, 0, 0, 0, 0, 0, 0, 0, 0, 0, 0, 0, 0, 0, 0, 0, 0, 0, 0, 0, 0, 0, 0, 0, 0, 0, 0, 0, 0, 0, 0, 0, 0, 0, 0, 0, 0, 0, 0, 0, 0, 0, 0]",,,0.0,0.0,58.8318082363703,,,,516.6677000020667
LHS Autogenerated 7,3d86a1d5-9e70-4110-ba2e-29709abe54b6,2016-10-24T19:09:37Z,2016-10-24T19:10:08Z,completed,completed normal,610 - South Shading,4.747222222222222,4.419444444444443,23.091027276729925,,,8654.0,27.000000000000654,436.0,19.99999999999971,,23-DEC-13:00,6.24206,04-JAN-05:00,3.74148,"[""January 4January 4"", ""HeatingCooling"", 3.56, 3.68, 3.72, 3.73, 3.74, 3.74, 3.74, 3.44, 2.09, 0.61, -0.06, -1.83, -3.22, -3.53, -2.91, -1.45, -0.02, 0.42, 1.82, 2.56, 2.96, 3.18, 3.24, 3.25]",,,,,,"[""January 4"", 20.0, 20.0, 20.0, 20.0, 20.0, 20.0, 20.0, 20.0, 20.0, 20.1, 24.2, 27.0, 27.0, 27.0, 27.0, 27.0, 25.2, 20.4, 20.0, 20.0, 20.0, 20.0, 20.0, 20.0]","[""July 27"", 25.9, 25.0, 24.2, 23.4, 22.7, 22.5, 23.3, 25.4, 27.0, 27.0, 27.0, 27.0, 27.0, 27.0, 27.0, 27.0, 27.0, 27.0, 27.0, 27.0, 27.0, 27.0, 27.0, 26.6]","[0, 0, 0, 0, 0, 0, 0, 0, 0, 0, 0, 0, 0, 0, 0, 0, 0, 0, 0, 0, 0, 0, 0, 0, 0, 0, 0, 0, 0, 0, 0, 0, 0, 0, 0, 0, 0, 0, 0, 891, 3128, 362, 335, 360, 325, 356, 2003, 1000, 0, 0, 0, 0, 0, 0, 0, 0, 0, 0, 0, 0, 0, 0, 0, 0, 0, 0, 0, 0, 0, 0, 0, 0, 0, 0, 0, 0, 0, 0, 0, 0, 0, 0, 0, 0, 0, 0, 0, 0, 0, 0, 0]",,,0.0,0.0,69.85703952731465,,,,516.6677000020667
LHS Autogenerated 36,40582462-9f20-49f7-90f5-eeecfc40f053,2016-10-24T19:09:02Z,2016-10-24T19:09:31Z,completed,completed normal,250 - Exterior Shortwave Absorptance,1.086111111111111,5.425,20.0,,,60.0,20.00000000000037,1199.0,19.99999999999973,,16-AUG-14:15,1.45348,04-JAN-05:00,2.97486,"[""January 4January 4"", ""HeatingCooling"", 2.78, 2.87, 2.9, 2.92, 2.97, 2.97, 2.95, 2.89, 2.57, 2.26, 1.92, 1.7, 1.67, 1.58, 1.53, 1.62, 1.98, 2.31, 2.5, 2.57, 2.64, 2.7, 2.67, 2.6]",,,,,,"[""January 4"", 20.0, 20.0, 20.0, 20.0, 20.0, 20.0, 20.0, 20.0, 20.0, 20.0, 20.0, 20.0, 20.0, 20.0, 20.0, 20.0, 20.0, 20.0, 20.0, 20.0, 20.0, 20.0, 20.0, 20.0]","[""July 27"", 20.0, 20.0, 20.0, 20.0, 20.0, 20.0, 20.0, 20.0, 20.0, 20.0, 20.0, 20.0, 20.0, 20.0, 20.0, 20.0, 20.0, 20.0, 20.0, 20.0, 20.0, 20.0, 20.0, 20.0]","[0, 0, 0, 0, 0, 0, 0, 0, 0, 0, 0, 0, 0, 0, 0, 0, 0, 0, 0, 0, 0, 0, 0, 0, 0, 0, 0, 0, 0, 0, 0, 0, 0, 0, 0, 0, 0, 0, 0, 1321, 7439, 0, 0, 0, 0, 0, 0, 0, 0, 0, 0, 0, 0, 0, 0, 0, 0, 0, 0, 0, 0, 0, 0, 0, 0, 0, 0, 0, 0, 0, 0, 0, 0, 0, 0, 0, 0, 0, 0, 0, 0, 0, 0, 0, 0, 0, 0, 0, 0, 0, 0]",,,0.0,0.0,43.01858132656326,,,,516.6677000020667
LHS Autogenerated 38,4a32ddbb-b886-4e51-8d42-8ca21c356823,2016-10-24T19:09:02Z,2016-10-24T19:09:32Z,completed,completed normal,290 - South Shading,6.394444444444444,4.486111111111111,20.0,,,181.0,20.000000000000593,1379.0,19.99999999999963,,23-DEC-12:45,6.76271,04-JAN-05:00,3.0148,"[""January 4January 4"", ""HeatingCooling"", 2.86, 2.94, 2.98, 3.0, 3.01, 3.01, 3.01, 2.71, 1.47, 0.010000000000000009, -2.25, -4.03, -4.77, -4.73, -3.99, -2.5, -0.4, 1.08, 1.88, 2.3, 2.53, 2.65, 2.67, 2.66]",,,,,,"[""January 4"", 20.0, 20.0, 20.0, 20.0, 20.0, 20.0, 20.0, 20.0, 20.0, 20.0, 20.0, 20.0, 20.0, 20.0, 20.0, 20.0, 20.0, 20.0, 20.0, 20.0, 20.0, 20.0, 20.0, 20.0]","[""July 27"", 20.0, 20.0, 20.0, 20.0, 20.0, 20.0, 20.0, 20.0, 20.0, 20.0, 20.0, 20.0, 20.0, 20.0, 20.0, 20.0, 20.0, 20.0, 20.0, 20.0, 20.0, 20.0, 20.0, 20.0]","[0, 0, 0, 0, 0, 0, 0, 0, 0, 0, 0, 0, 0, 0, 0, 0, 0, 0, 0, 0, 0, 0, 0, 0, 0, 0, 0, 0, 0, 0, 0, 0, 0, 0, 0, 0, 0, 0, 0, 1505, 7255, 0, 0, 0, 0, 0, 0, 0, 0, 0, 0, 0, 0, 0, 0, 0, 0, 0, 0, 0, 0, 0, 0, 0, 0, 0, 0, 0, 0, 0, 0, 0, 0, 0, 0, 0, 0, 0, 0, 0, 0, 0, 0, 0, 0, 0, 0, 0, 0, 0, 0]",,,0.0,0.0,71.85662390454083,,,,516.6677000020667
LHS Autogenerated 2,54d556f6-7019-4a4a-8147-7e91631e22e9,2016-10-24T19:09:38Z,2016-10-24T19:10:04Z,completed,completed normal,810 - High-Mass Cavity Albedo,1.2055555555555555,1.9694444444444443,23.4684963232963,,,5868.0,27.000000000000206,47.0,19.99999999999969,,02-SEP-14:00,2.1349400000000003,04-JAN-07:15,3.34619,"[""January 4January 4"", ""HeatingCooling"", 2.94, 3.06, 3.12, 3.18, 3.24, 3.28, 3.32, 3.21, 2.66, 2.01, 1.25, 0.84, 0.54, 0.31, 0.29, 0.54, 1.06, 1.53, 1.75, 1.87, 2.0, 2.12, 2.18, 2.26]",,,,,,"[""January 4"", 20.0, 20.0, 20.0, 20.0, 20.0, 20.0, 20.0, 20.0, 20.0, 20.0, 20.0, 20.0, 20.0, 20.0, 20.0, 20.0, 20.0, 20.0, 20.0, 20.0, 20.0, 20.0, 20.0, 20.0]","[""July 27"", 27.0, 27.0, 27.0, 27.0, 27.0, 27.0, 27.0, 27.0, 27.0, 27.0, 27.0, 27.0, 27.0, 27.0, 27.0, 27.0, 27.0, 27.0, 27.0, 27.0, 27.0, 27.0, 27.0, 27.0]","[0, 0, 0, 0, 0, 0, 0, 0, 0, 0, 0, 0, 0, 0, 0, 0, 0, 0, 0, 0, 0, 0, 0, 0, 0, 0, 0, 0, 0, 0, 0, 0, 0, 0, 0, 0, 0, 0, 0, 594, 2395, 495, 568, 582, 645, 673, 1738, 1070, 0, 0, 0, 0, 0, 0, 0, 0, 0, 0, 0, 0, 0, 0, 0, 0, 0, 0, 0, 0, 0, 0, 0, 0, 0, 0, 0, 0, 0, 0, 0, 0, 0, 0, 0, 0, 0, 0, 0, 0, 0, 0, 0]",,,0.0,0.0,25.719424741936752,,,,516.6677000020667
LHS Autogenerated 31,5e97686f-a715-40c2-b046-4156a76ca147,2016-10-24T19:09:02Z,2016-10-24T19:09:31Z,completed,completed normal,420 - Internal Gains,0.35555555555555557,5.949999999999999,21.58280586911865,,,4359.0,27.00000000000013,8285.0,19.999999999999666,,16-AUG-14:30,1.22449,04-JAN-05:00,3.69752,"[""January 4January 4"", ""HeatingCooling"", 3.49, 3.61, 3.64, 3.64, 3.69, 3.69, 3.68, 3.63, 3.3, 2.94, 2.52, 2.26, 2.21, 2.06, 2.0, 2.12, 2.53, 2.92, 3.14, 3.21, 3.27, 3.33, 3.29, 3.22]",,,,,,"[""January 4"", 20.0, 20.0, 20.0, 20.0, 20.0, 20.0, 20.0, 20.0, 20.0, 20.0, 20.0, 20.0, 20.0, 20.0, 20.0, 20.0, 20.0, 20.0, 20.0, 20.0, 20.0, 20.0, 20.0, 20.0]","[""July 27"", 26.1, 25.3, 24.6, 23.9, 23.3, 22.9, 23.2, 24.3, 26.0, 27.0, 27.0, 27.0, 27.0, 27.0, 27.0, 27.0, 27.0, 27.0, 27.0, 27.0, 27.0, 27.0, 27.0, 26.7]","[0, 0, 0, 0, 0, 0, 0, 0, 0, 0, 0, 0, 0, 0, 0, 0, 0, 0, 0, 0, 0, 0, 0, 0, 0, 0, 0, 0, 0, 0, 0, 0, 0, 0, 0, 0, 0, 0, 0, 1513, 4372, 390, 362, 358, 331, 313, 762, 359, 0, 0, 0, 0, 0, 0, 0, 0, 0, 0, 0, 0, 0, 0, 0, 0, 0, 0, 0, 0, 0, 0, 0, 0, 0, 0, 0, 0, 0, 0, 0, 0, 0, 0, 0, 0, 0, 0, 0, 0, 0, 0, 0]",,,0.0,0.0,49.45760991744756,,,,516.6677000020667
LHS Autogenerated 11,5f912d3f-211c-419e-a048-3f8d086cd01a,2016-10-24T19:09:37Z,2016-10-24T19:10:13Z,completed,completed normal,600 - Base Case,6.741666666666666,4.377777777777778,23.20291476084386,1185.8900729204377,1840.9315487976985,6998.0,27.00000000000054,8210.0,19.99999999999966,432.57135410640626,17-OCT-13:00,6.62562,04-JAN-05:00,3.75165,"[""January 4January 4"", ""HeatingCooling"", 3.57, 3.69, 3.73, 3.74, 3.75, 3.75, 3.75, 3.45, 2.07, 0.59, -0.07, -1.96, -3.36, -3.62, -2.96, -1.47, -0.02, 0.42, 1.83, 2.57, 2.97, 3.19, 3.24, 3.26]",1547.507544163264,"[""March 5"", ""ZONE SURFACE SOUTH"", 0.0, 0.0, 0.0, 0.0, 0.0, 0.0, 4.14, 19.91, 35.48, 48.98, 58.45, 63.73, 63.47, 57.16, 46.14, 31.73, 15.64, 2.67, 0.0, 0.0, 0.0, 0.0, 0.0, 0.0]","[""March 5"", ""ZONE SURFACE WEST"", 0.0, 0.0, 0.0, 0.0, 0.0, 0.0, 4.1, 19.54, 34.58, 47.82, 56.97, 61.33, 61.43, 56.28, 46.13, 32.25, 16.12, 2.72, 0.0, 0.0, 0.0, 0.0, 0.0, 0.0]","[""July 22"", ""ZONE SURFACE SOUTH"", 0.0, 0.0, 0.0, 0.0, 2.86, 35.66, 90.29, 136.14, 256.06, 377.09, 449.96, 468.97, 458.47, 395.78, 298.28, 170.26, 80.37, 52.39, 15.19, 0.0, 0.0, 0.0, 0.0, 0.0]","[""July 22"", ""ZONE SURFACE WEST"", 0.0, 0.0, 0.0, 0.0, 2.86, 35.66, 90.29, 128.82, 146.38, 152.72, 149.83, 142.66, 257.4, 457.01, 616.36, 668.52, 511.04, 163.22, 26.89, 0.0, 0.0, 0.0, 0.0, 0.0]","[""January 4"", 20.0, 20.0, 20.0, 20.0, 20.0, 20.0, 20.0, 20.0, 20.0, 20.1, 24.2, 27.0, 27.0, 27.0, 27.0, 27.0, 25.2, 20.5, 20.0, 20.0, 20.0, 20.0, 20.0, 20.0]","[""July 27"", 25.8, 24.9, 24.1, 23.4, 22.6, 22.4, 23.3, 25.5, 27.0, 27.0, 27.0, 27.0, 27.0, 27.0, 27.0, 27.0, 27.0, 27.0, 27.0, 27.0, 27.0, 27.0, 27.0, 26.6]","[0, 0, 0, 0, 0, 0, 0, 0, 0, 0, 0, 0, 0, 0, 0, 0, 0, 0, 0, 0, 0, 0, 0, 0, 0, 0, 0, 0, 0, 0, 0, 0, 0, 0, 0, 0, 0, 0, 0, 918, 3011, 348, 332, 309, 311, 350, 2105, 1076, 0, 0, 0, 0, 0, 0, 0, 0, 0, 0, 0, 0, 0, 0, 0, 0, 0, 0, 0, 0, 0, 0, 0, 0, 0, 0, 0, 0, 0, 0, 0, 0, 0, 0, 0, 0, 0, 0, 0, 0, 0, 0, 0]",1040.744396665984,981.7119271795767,0.0,0.0,83.17537216828904,,,,516.6677000020667
LHS Autogenerated 19,661269d8-d2e5-4fc5-bbe4-87b141d3af8b,2016-10-24T19:09:02Z,2016-10-24T19:09:31Z,completed,completed normal,280 - Cavity Albedo,5.5,4.649999999999999,20.0,,,8188.0,20.000000000000412,6987.0,19.99999999999971,,17-OCT-12:45,4.7405800000000005,04-JAN-05:00,3.0251900000000003,"[""January 4January 4"", ""HeatingCooling"", 2.87, 2.96, 3.0, 3.01, 3.02, 3.02, 3.02, 2.78, 1.76, 0.66, -0.65, -1.93, -2.52, -2.55, -2.08, -1.07, 0.29000000000000004, 1.44, 2.09, 2.42, 2.59, 2.68, 2.69, 2.68]",,,,,,"[""January 4"", 20.0, 20.0, 20.0, 20.0, 20.0, 20.0, 20.0, 20.0, 20.0, 20.0, 20.0, 20.0, 20.0, 20.0, 20.0, 20.0, 20.0, 20.0, 20.0, 20.0, 20.0, 20.0, 20.0, 20.0]","[""July 27"", 20.0, 20.0, 20.0, 20.0, 20.0, 20.0, 20.0, 20.0, 20.0, 20.0, 20.0, 20.0, 20.0, 20.0, 20.0, 20.0, 20.0, 20.0, 20.0, 20.0, 20.0, 20.0, 20.0, 20.0]","[0, 0, 0, 0, 0, 0, 0, 0, 0, 0, 0, 0, 0, 0, 0, 0, 0, 0, 0, 0, 0, 0, 0, 0, 0, 0, 0, 0, 0, 0, 0, 0, 0, 0, 0, 0, 0, 0, 0, 1482, 7278, 0, 0, 0, 0, 0, 0, 0, 0, 0, 0, 0, 0, 0, 0, 0, 0, 0, 0, 0, 0, 0, 0, 0, 0, 0, 0, 0, 0, 0, 0, 0, 0, 0, 0, 0, 0, 0, 0, 0, 0, 0, 0, 0, 0, 0, 0, 0, 0, 0, 0]",,,0.0,0.0,67.03193866407769,,,,516.6677000020667
LHS Autogenerated 29,74116a5e-31b8-422b-92c2-6bc0eacbb838,2016-10-24T19:09:02Z,2016-10-24T19:09:32Z,completed,completed normal,440 - Cavity Albedo,4.25,4.566666666666666,23.01283237273746,,,4572.0,27.00000000000033,8397.0,19.999999999999666,,17-OCT-13:00,4.79253,04-JAN-05:00,3.75235,"[""January 4January 4"", ""HeatingCooling"", 3.58, 3.7, 3.73, 3.74, 3.75, 3.75, 3.75, 3.51, 2.35, 1.14, 0.08, -0.02, -0.87, -1.44, -1.18, -0.29, 0.0, 0.9, 2.14, 2.73, 3.06, 3.23, 3.27, 3.28]",,,,,,"[""January 4"", 20.0, 20.0, 20.0, 20.0, 20.0, 20.0, 20.0, 20.0, 20.0, 20.0, 21.1, 25.4, 27.0, 27.0, 27.0, 26.8, 23.3, 20.0, 20.0, 20.0, 20.0, 20.0, 20.0, 20.0]","[""July 27"", 25.8, 24.9, 24.1, 23.3, 22.6, 22.3, 23.1, 25.1, 26.9, 27.0, 27.0, 27.0, 27.0, 27.0, 27.0, 27.0, 27.0, 27.0, 27.0, 27.0, 27.0, 27.0, 27.0, 26.5]","[0, 0, 0, 0, 0, 0, 0, 0, 0, 0, 0, 0, 0, 0, 0, 0, 0, 0, 0, 0, 0, 0, 0, 0, 0, 0, 0, 0, 0, 0, 0, 0, 0, 0, 0, 0, 0, 0, 0, 976, 3139, 380, 338, 326, 354, 308, 2007, 932, 0, 0, 0, 0, 0, 0, 0, 0, 0, 0, 0, 0, 0, 0, 0, 0, 0, 0, 0, 0, 0, 0, 0, 0, 0, 0, 0, 0, 0, 0, 0, 0, 0, 0, 0, 0, 0, 0, 0, 0, 0, 0, 0]",,,0.0,0.0,67.52724855568417,,,,516.6677000020667
LHS Autogenerated 14,a3659fd6-6fdb-45ec-a5bc-68bd2b8fe927,2016-10-24T19:09:36Z,2016-10-24T19:10:07Z,completed,completed normal,620 - East/West Window Orientation,4.169444444444444,4.549999999999999,23.034167821753858,,,5224.0,27.00000000000039,8496.0,19.999999999999712,,26-JUL-10:00,3.98495,04-JAN-04:15,3.74591,"[""January 4January 4"", ""HeatingCooling"", 3.59, 3.69, 3.73, 3.74, 3.74, 3.74, 3.74, 3.49, 2.49, 1.74, 1.3, 1.35, 1.51, 1.28, 0.93, 0.78, 1.42, 2.4, 2.93, 3.16, 3.28, 3.34, 3.32, 3.3]",,,,,,"[""January 4"", 20.0, 20.0, 20.0, 20.0, 20.0, 20.0, 20.0, 20.0, 20.0, 20.0, 20.0, 20.0, 20.0, 20.0, 20.0, 20.0, 20.0, 20.0, 20.0, 20.0, 20.0, 20.0, 20.0, 20.0]","[""July 27"", 25.9, 25.0, 24.2, 23.5, 22.7, 22.9, 25.4, 27.0, 27.0, 27.0, 27.0, 27.0, 27.0, 27.0, 27.0, 27.0, 27.0, 27.0, 27.0, 27.0, 27.0, 27.0, 27.0, 26.7]","[0, 0, 0, 0, 0, 0, 0, 0, 0, 0, 0, 0, 0, 0, 0, 0, 0, 0, 0, 0, 0, 0, 0, 0, 0, 0, 0, 0, 0, 0, 0, 0, 0, 0, 0, 0, 0, 0, 0, 912, 3139, 391, 356, 368, 340, 340, 1773, 1141, 0, 0, 0, 0, 0, 0, 0, 0, 0, 0, 0, 0, 0, 0, 0, 0, 0, 0, 0, 0, 0, 0, 0, 0, 0, 0, 0, 0, 0, 0, 0, 0, 0, 0, 0, 0, 0, 0, 0, 0, 0, 0, 0]",,723.5719846422929,0.0,0.0,66.11469812406567,,,,516.6677000020667
LHS Autogenerated 4,acba9adb-85d7-4e9c-8c2d-497b811f5eb6,2016-10-24T19:09:38Z,2016-10-24T19:10:05Z,completed,completed normal,920 - High-Mass East/West Window Orientation,2.55,3.1916666666666664,23.338681435118076,,,4961.0,27.000000000000345,8166.0,19.999999999999712,,26-JUL-17:00,2.7888200000000003,04-JAN-07:15,3.49841,"[""January 4January 4"", ""HeatingCooling"", 3.23, 3.32, 3.36, 3.39, 3.43, 3.45, 3.48, 3.36, 2.94, 2.61, 2.36, 2.34, 2.31, 2.07, 1.82, 1.76, 2.06, 2.39, 2.53, 2.6, 2.69, 2.75, 2.77, 2.8]",,,,,,"[""January 4"", 20.0, 20.0, 20.0, 20.0, 20.0, 20.0, 20.0, 20.0, 20.0, 20.0, 20.0, 20.0, 20.0, 20.0, 20.0, 20.0, 20.0, 20.0, 20.0, 20.0, 20.0, 20.0, 20.0, 20.0]","[""July 27"", 27.0, 27.0, 27.0, 27.0, 27.0, 27.0, 27.0, 27.0, 27.0, 27.0, 27.0, 27.0, 27.0, 27.0, 27.0, 27.0, 27.0, 27.0, 27.0, 27.0, 27.0, 27.0, 27.0, 27.0]","[0, 0, 0, 0, 0, 0, 0, 0, 0, 0, 0, 0, 0, 0, 0, 0, 0, 0, 0, 0, 0, 0, 0, 0, 0, 0, 0, 0, 0, 0, 0, 0, 0, 0, 0, 0, 0, 0, 0, 864, 2892, 316, 292, 315, 350, 448, 1740, 1543, 0, 0, 0, 0, 0, 0, 0, 0, 0, 0, 0, 0, 0, 0, 0, 0, 0, 0, 0, 0, 0, 0, 0, 0, 0, 0, 0, 0, 0, 0, 0, 0, 0, 0, 0, 0, 0, 0, 0, 0, 0, 0, 0]",,723.5719846422929,0.0,0.0,44.72464873098559,,,,516.6677000020667
LHS Autogenerated 35,ae3c176a-587d-49f8-80d6-978e717f3a4b,2016-10-24T19:09:02Z,2016-10-24T19:09:31Z,completed,completed normal,400 - Opaque Windows with Deadband,0.16944444444444443,5.21111111111111,21.32181607423283,,,4336.0,27.00000000000013,461.0,19.999999999999595,,16-AUG-14:30,0.87539,04-JAN-05:00,2.97486,"[""January 4January 4"", ""HeatingCooling"", 2.78, 2.87, 2.9, 2.92, 2.97, 2.97, 2.95, 2.89, 2.57, 2.26, 1.92, 1.7, 1.67, 1.58, 1.53, 1.62, 1.98, 2.31, 2.5, 2.57, 2.64, 2.7, 2.67, 2.6]",,,,,,"[""January 4"", 20.0, 20.0, 20.0, 20.0, 20.0, 20.0, 20.0, 20.0, 20.0, 20.0, 20.0, 20.0, 20.0, 20.0, 20.0, 20.0, 20.0, 20.0, 20.0, 20.0, 20.0, 20.0, 20.0, 20.0]","[""July 27"", 25.6, 24.7, 23.9, 23.2, 22.5, 21.9, 21.9, 22.7, 24.1, 25.8, 27.0, 27.0, 27.0, 27.0, 27.0, 27.0, 27.0, 27.0, 27.0, 27.0, 27.0, 26.9, 26.5, 26.0]","[0, 0, 0, 0, 0, 0, 0, 0, 0, 0, 0, 0, 0, 0, 0, 0, 0, 0, 0, 0, 0, 0, 0, 0, 0, 0, 0, 0, 0, 0, 0, 0, 0, 0, 0, 0, 0, 0, 0, 911, 5301, 400, 377, 351, 325, 293, 564, 238, 0, 0, 0, 0, 0, 0, 0, 0, 0, 0, 0, 0, 0, 0, 0, 0, 0, 0, 0, 0, 0, 0, 0, 0, 0, 0, 0, 0, 0, 0, 0, 0, 0, 0, 0, 0, 0, 0, 0, 0, 0, 0, 0]",,,0.0,0.0,35.533898520065264,,,,516.6677000020667
LHS Autogenerated 17,af966c5f-e16d-4faa-9bf8-515e4df04263,2016-10-24T19:09:33Z,2016-10-24T19:09:57Z,completed,completed normal,600FF,0.0,0.0,25.80670655755545,,,6951.0,65.28734892691301,79.0,-17.41180426318239,,01-JAN-00:15,0.0,01-JAN-00:15,0.0,,,,,,,"[""January 4"", -10.5, -12.1, -13.5, -14.7, -15.6, -16.5, -17.2, -17.4, -14.5, -8.0, 1.6, 12.3, 21.3, 28.3, 32.3, 32.7, 28.3, 21.8, 16.0, 11.4, 7.1, 3.6, 0.6, -1.8]","[""July 27"", 33.8, 31.7, 29.8, 28.3, 26.9, 26.0, 26.4, 28.1, 30.9, 34.3, 38.5, 42.6, 46.2, 48.8, 50.1, 50.0, 49.1, 47.5, 45.1, 42.7, 40.5, 38.4, 36.2, 34.3]","[0, 0, 2, 7, 6, 10, 6, 9, 4, 8, 6, 14, 14, 19, 14, 21, 25, 24, 31, 58, 62, 72, 70, 75, 106, 115, 113, 149, 143, 166, 143, 168, 174, 171, 171, 172, 177, 192, 219, 238, 205, 231, 231, 242, 240, 209, 233, 219, 205, 192, 206, 186, 182, 165, 180, 181, 182, 160, 153, 147, 160, 127, 132, 126, 122, 110, 111, 92, 71, 86, 68, 66, 68, 61, 44, 56, 38, 29, 30, 14, 7, 10, 4, 1, 1, 3, 0, 0, 0, 0, 0]",,,0.0,0.0,0.0,,,,516.6677000020667
LHS Autogenerated 18,b2220462-28af-498d-8693-03c46204b4d8,2016-10-24T19:09:33Z,2016-10-24T19:10:02Z,completed,completed normal,960 - Sunspace,0.6333333333333333,2.427777777777778,28.77966141690131,,,6950.0,51.462775360074644,870.0,2.1376060213355257,,16-AUG-14:45,1.1456300000000001,04-JAN-07:45,2.70097,"[""January 4January 4"", ""HeatingCooling"", 0.0, 0.0, 0.0, 0.0, 0.0, 0.0, 0.0, 0.0, 0.0, 0.0, 0.0, 0.0, 0.0, 0.0, 0.0, 0.0, 0.0, 0.0, 0.0, 0.0, 0.0, 0.0, 0.0, 0.0]",,,,,,"[""January 4"", 6.1, 5.4, 4.9, 4.4, 3.9, 3.4, 3.0, 3.2, 6.1, 10.2, 15.8, 19.9, 22.7, 24.6, 25.1, 23.8, 20.2, 17.6, 16.1, 15.1, 14.0, 13.1, 12.4, 11.8]","[""July 27"", 33.5, 32.9, 32.3, 31.8, 31.3, 31.1, 31.6, 32.5, 33.7, 35.4, 37.0, 38.6, 40.0, 40.7, 40.8, 40.2, 39.6, 38.9, 37.8, 37.0, 36.4, 35.7, 35.0, 34.4]","[0, 0, 0, 0, 0, 0, 0, 0, 0, 0, 0, 0, 0, 0, 0, 0, 0, 0, 0, 0, 0, 0, 5, 9, 12, 13, 10, 9, 22, 25, 23, 34, 37, 58, 68, 79, 105, 134, 176, 211, 256, 270, 316, 371, 381, 399, 433, 459, 472, 485, 486, 484, 431, 394, 352, 304, 229, 233, 195, 197, 138, 117, 83, 70, 54, 45, 41, 13, 14, 3, 3, 2, 0, 0, 0, 0, 0, 0, 0, 0, 0, 0, 0, 0, 0, 0, 0, 0, 0, 0, 0]",,,0.0,0.0,19.11070665115022,,,,688.8902666694222
LHS Autogenerated 26,b87568da-1a06-4f3b-92af-ee805a5b658e,2016-10-24T19:09:02Z,2016-10-24T19:09:32Z,completed,completed normal,310 - East/West Shading,3.738888888888889,4.777777777777778,20.0,,,77.0,20.00000000000039,694.0,19.99999999999975,,26-JUL-17:00,3.35744,04-JAN-04:15,2.99823,"[""January 4January 4"", ""HeatingCooling"", 2.86, 2.93, 2.97, 2.99, 2.99, 2.99, 2.99, 2.79, 2.16, 1.83, 1.79, 1.83, 1.85, 1.81, 1.47, 1.21, 1.53, 2.15, 2.46, 2.6, 2.67, 2.71, 2.69, 2.67]",,,,,,"[""January 4"", 20.0, 20.0, 20.0, 20.0, 20.0, 20.0, 20.0, 20.0, 20.0, 20.0, 20.0, 20.0, 20.0, 20.0, 20.0, 20.0, 20.0, 20.0, 20.0, 20.0, 20.0, 20.0, 20.0, 20.0]","[""July 27"", 20.0, 20.0, 20.0, 20.0, 20.0, 20.0, 20.0, 20.0, 20.0, 20.0, 20.0, 20.0, 20.0, 20.0, 20.0, 20.0, 20.0, 20.0, 20.0, 20.0, 20.0, 20.0, 20.0, 20.0]","[0, 0, 0, 0, 0, 0, 0, 0, 0, 0, 0, 0, 0, 0, 0, 0, 0, 0, 0, 0, 0, 0, 0, 0, 0, 0, 0, 0, 0, 0, 0, 0, 0, 0, 0, 0, 0, 0, 0, 1396, 7364, 0, 0, 0, 0, 0, 0, 0, 0, 0, 0, 0, 0, 0, 0, 0, 0, 0, 0, 0, 0, 0, 0, 0, 0, 0, 0, 0, 0, 0, 0, 0, 0, 0, 0, 0, 0, 0, 0, 0, 0, 0, 0, 0, 0, 0, 0, 0, 0, 0, 0]",,,0.0,0.0,56.2268451027362,,,,516.6677000020667
LHS Autogenerated 20,cb28f4c8-082a-4bc6-830f-d5cd1248669e,2016-10-24T19:09:02Z,2016-10-24T19:09:32Z,completed,completed normal,910 - High-Mass South Shading,1.236111111111111,1.5055555555555555,23.705667395457752,,,6707.0,27.000000000000174,8212.0,19.99999999999975,,17-OCT-14:30,2.5914,04-JAN-07:15,3.20492,"[""January 4January 4"", ""HeatingCooling"", 2.69, 2.83, 2.91, 2.98, 3.06, 3.11, 3.17, 3.06, 2.45, 1.79, 1.01, 0.3, 0.0, 0.0, 0.0, 0.0, 0.14, 0.64, 1.01, 1.25, 1.48, 1.66, 1.77, 1.86]",,,,,,"[""January 4"", 20.0, 20.0, 20.0, 20.0, 20.0, 20.0, 20.0, 20.0, 20.0, 20.0, 20.0, 20.0, 20.6, 21.9, 22.3, 21.8, 20.2, 20.0, 20.0, 20.0, 20.0, 20.0, 20.0, 20.0]","[""July 27"", 27.0, 27.0, 27.0, 27.0, 26.9, 26.9, 27.0, 27.0, 27.0, 27.0, 27.0, 27.0, 27.0, 27.0, 27.0, 27.0, 27.0, 27.0, 27.0, 27.0, 27.0, 27.0, 27.0, 27.0]","[0, 0, 0, 0, 0, 0, 0, 0, 0, 0, 0, 0, 0, 0, 0, 0, 0, 0, 0, 0, 0, 0, 0, 0, 0, 0, 0, 0, 0, 0, 0, 0, 0, 0, 0, 0, 0, 0, 0, 462, 2102, 537, 598, 649, 703, 738, 1906, 1065, 0, 0, 0, 0, 0, 0, 0, 0, 0, 0, 0, 0, 0, 0, 0, 0, 0, 0, 0, 0, 0, 0, 0, 0, 0, 0, 0, 0, 0, 0, 0, 0, 0, 0, 0, 0, 0, 0, 0, 0, 0, 0, 0]",,789.1309121281198,0.0,0.0,22.637496527496403,,,,516.6677000020667
LHS Autogenerated 28,cca79a58-b9ce-433a-b128-0a84c76bf1a5,2016-10-24T19:09:02Z,2016-10-24T19:09:27Z,completed,completed normal,900FF,0.0,0.0,26.003954809458087,,,5870.0,43.16399851525249,79.0,-2.5996142267898907,,01-JAN-00:15,0.0,01-JAN-00:15,0.0,,,,,,,"[""January 4"", 0.7, 0.1, -0.5, -0.9, -1.5, -1.9, -2.4, -2.6, -1.6, 0.2, 3.0, 5.5, 7.6, 9.3, 10.1, 9.9, 8.4, 6.9, 5.9, 5.2, 4.5, 3.9, 3.4, 2.9]","[""July 27"", 35.5, 35.0, 34.6, 34.2, 33.8, 33.6, 33.8, 34.3, 35.2, 36.3, 37.3, 38.3, 39.2, 39.8, 40.0, 39.9, 39.7, 39.3, 38.6, 38.1, 37.7, 37.3, 36.8, 36.4]","[0, 0, 0, 0, 0, 0, 0, 0, 0, 0, 0, 0, 0, 0, 0, 0, 0, 2, 5, 5, 8, 14, 14, 19, 16, 20, 23, 31, 30, 46, 52, 62, 98, 120, 140, 163, 184, 232, 270, 321, 330, 372, 383, 397, 367, 418, 401, 472, 436, 439, 447, 406, 359, 335, 318, 249, 199, 188, 132, 106, 73, 40, 15, 3, 0, 0, 0, 0, 0, 0, 0, 0, 0, 0, 0, 0, 0, 0, 0, 0, 0, 0, 0, 0, 0, 0, 0, 0, 0, 0, 0]",,,0.0,0.0,0.0,,,,516.6677000020667
LHS Autogenerated 30,cebbaf11-2b14-427e-bf4a-ae0cdd3f7eae,2016-10-24T19:09:02Z,2016-10-24T19:09:32Z,completed,completed normal,640 - Thermostat Setback,6.455555555555556,2.6833333333333336,21.34017940901674,,,6950.0,27.00000000000049,1469.0,9.999999999999922,,17-OCT-13:00,6.58213,04-JAN-07:15,8.0847,"[""January 4January 4"", ""HeatingCooling"", 1.43, 2.11, 2.45, 2.62, 2.7, 2.74, 2.77, 6.28, 3.05, 1.0, -0.02, -1.66, -3.23, -3.57, -2.94, -1.47, -0.02, 0.43, 1.83, 2.57, 2.97, 3.19, 3.24, 0.16]",,,,,,"[""January 4"", 10.0, 10.0, 10.0, 10.0, 10.0, 10.0, 10.0, 20.0, 20.0, 20.0, 23.5, 27.0, 27.0, 27.0, 27.0, 27.0, 25.2, 20.4, 20.0, 20.0, 20.0, 20.0, 20.0, 11.8]","[""July 27"", 25.8, 24.9, 24.1, 23.4, 22.6, 22.4, 23.3, 25.5, 27.0, 27.0, 27.0, 27.0, 27.0, 27.0, 27.0, 27.0, 27.0, 27.0, 27.0, 27.0, 27.0, 27.0, 27.0, 26.6]","[0, 0, 0, 0, 0, 0, 0, 0, 0, 0, 0, 0, 0, 0, 0, 0, 0, 0, 0, 0, 0, 0, 0, 0, 0, 0, 0, 0, 0, 31, 936, 162, 137, 141, 145, 158, 156, 152, 139, 323, 1572, 311, 340, 315, 322, 332, 2098, 990, 0, 0, 0, 0, 0, 0, 0, 0, 0, 0, 0, 0, 0, 0, 0, 0, 0, 0, 0, 0, 0, 0, 0, 0, 0, 0, 0, 0, 0, 0, 0, 0, 0, 0, 0, 0, 0, 0, 0, 0, 0, 0, 0]",,,0.0,0.0,68.66462682529904,,,,516.6677000020667
LHS Autogenerated 23,d0b31682-233e-456b-9330-6ac34bc88491,2016-10-24T19:09:02Z,2016-10-24T19:09:32Z,completed,completed normal,210 - Interior Infrared Radiation,1.088888888888889,5.4111111111111105,20.0,,,1564.0,20.000000000000373,459.0,19.99999999999962,,16-AUG-14:15,1.4231800000000001,04-JAN-05:00,2.94923,"[""January 4January 4"", ""HeatingCooling"", 2.76, 2.85, 2.89, 2.9, 2.94, 2.94, 2.93, 2.86, 2.54, 2.21, 1.87, 1.64, 1.63, 1.55, 1.5, 1.6, 1.98, 2.33, 2.52, 2.59, 2.63, 2.68, 2.65, 2.58]",,,,,,"[""January 4"", 20.0, 20.0, 20.0, 20.0, 20.0, 20.0, 20.0, 20.0, 20.0, 20.0, 20.0, 20.0, 20.0, 20.0, 20.0, 20.0, 20.0, 20.0, 20.0, 20.0, 20.0, 20.0, 20.0, 20.0]","[""July 27"", 20.0, 20.0, 20.0, 20.0, 20.0, 20.0, 20.0, 20.0, 20.0, 20.0, 20.0, 20.0, 20.0, 20.0, 20.0, 20.0, 20.0, 20.0, 20.0, 20.0, 20.0, 20.0, 20.0, 20.0]","[0, 0, 0, 0, 0, 0, 0, 0, 0, 0, 0, 0, 0, 0, 0, 0, 0, 0, 0, 0, 0, 0, 0, 0, 0, 0, 0, 0, 0, 0, 0, 0, 0, 0, 0, 0, 0, 0, 0, 1369, 7391, 0, 0, 0, 0, 0, 0, 0, 0, 0, 0, 0, 0, 0, 0, 0, 0, 0, 0, 0, 0, 0, 0, 0, 0, 0, 0, 0, 0, 0, 0, 0, 0, 0, 0, 0, 0, 0, 0, 0, 0, 0, 0, 0, 0, 0, 0, 0, 0, 0, 0]",,,0.0,0.0,42.92685727256205,,,,516.6677000020667
LHS Autogenerated 8,d107f723-b514-4295-aa88-41e715a1dfeb,2016-10-24T19:09:37Z,2016-10-24T19:10:03Z,completed,completed normal,240 - Internal Gains,1.5722222222222222,4.3277777777777775,20.0,,,870.0,20.00000000000033,1554.0,19.999999999999694,,16-AUG-14:15,1.64282,04-JAN-05:00,2.78749,"[""January 4January 4"", ""HeatingCooling"", 2.59, 2.68, 2.72, 2.73, 2.78, 2.78, 2.77, 2.7, 2.39, 2.08, 1.74, 1.51, 1.48, 1.39, 1.34, 1.43, 1.79, 2.12, 2.31, 2.39, 2.45, 2.51, 2.48, 2.42]",,,,,,"[""January 4"", 20.0, 20.0, 20.0, 20.0, 20.0, 20.0, 20.0, 20.0, 20.0, 20.0, 20.0, 20.0, 20.0, 20.0, 20.0, 20.0, 20.0, 20.0, 20.0, 20.0, 20.0, 20.0, 20.0, 20.0]","[""July 27"", 20.0, 20.0, 20.0, 20.0, 20.0, 20.0, 20.0, 20.0, 20.0, 20.0, 20.0, 20.0, 20.0, 20.0, 20.0, 20.0, 20.0, 20.0, 20.0, 20.0, 20.0, 20.0, 20.0, 20.0]","[0, 0, 0, 0, 0, 0, 0, 0, 0, 0, 0, 0, 0, 0, 0, 0, 0, 0, 0, 0, 0, 0, 0, 0, 0, 0, 0, 0, 0, 0, 0, 0, 0, 0, 0, 0, 0, 0, 0, 1324, 7436, 0, 0, 0, 0, 0, 0, 0, 0, 0, 0, 0, 0, 0, 0, 0, 0, 0, 0, 0, 0, 0, 0, 0, 0, 0, 0, 0, 0, 0, 0, 0, 0, 0, 0, 0, 0, 0, 0, 0, 0, 0, 0, 0, 0, 0, 0, 0, 0, 0, 0]",,,0.0,0.0,38.96437813971017,,,,516.6677000020667
LHS Autogenerated 13,dc8b8ec5-bae5-467e-bd85-01c74311b9e2,2016-10-24T19:09:36Z,2016-10-24T19:10:03Z,completed,completed normal,270 - South Solar Gains,8.491666666666665,4.4527777777777775,20.0,,,133.0,20.000000000000597,7788.0,19.999999999999613,,25-NOV-12:45,6.88616,04-JAN-05:00,3.02499,"[""January 4January 4"", ""HeatingCooling"", 2.87, 2.95, 3.0, 3.01, 3.02, 3.02, 3.02, 2.72, 1.46, -0.020000000000000018, -2.29, -4.09, -4.84, -4.77, -4.01, -2.5, -0.38, 1.09, 1.89, 2.31, 2.54, 2.65, 2.68, 2.67]",,,,,,"[""January 4"", 20.0, 20.0, 20.0, 20.0, 20.0, 20.0, 20.0, 20.0, 20.0, 20.0, 20.0, 20.0, 20.0, 20.0, 20.0, 20.0, 20.0, 20.0, 20.0, 20.0, 20.0, 20.0, 20.0, 20.0]","[""July 27"", 20.0, 20.0, 20.0, 20.0, 20.0, 20.0, 20.0, 20.0, 20.0, 20.0, 20.0, 20.0, 20.0, 20.0, 20.0, 20.0, 20.0, 20.0, 20.0, 20.0, 20.0, 20.0, 20.0, 20.0]","[0, 0, 0, 0, 0, 0, 0, 0, 0, 0, 0, 0, 0, 0, 0, 0, 0, 0, 0, 0, 0, 0, 0, 0, 0, 0, 0, 0, 0, 0, 0, 0, 0, 0, 0, 0, 0, 0, 0, 1520, 7240, 0, 0, 0, 0, 0, 0, 0, 0, 0, 0, 0, 0, 0, 0, 0, 0, 0, 0, 0, 0, 0, 0, 0, 0, 0, 0, 0, 0, 0, 0, 0, 0, 0, 0, 0, 0, 0, 0, 0, 0, 0, 0, 0, 0, 0, 0, 0, 0, 0, 0]",,,0.0,0.0,85.46847351831907,,,,516.6677000020667
LHS Autogenerated 9,dec27641-a571-42c4-a383-5ccd27b59726,2016-10-24T19:09:37Z,2016-10-24T19:10:03Z,completed,completed normal,220 - In-Depth Series Base Case,1.086111111111111,5.425,20.0,,,60.0,20.00000000000037,1199.0,19.99999999999973,,16-AUG-14:15,1.45348,04-JAN-05:00,2.97486,"[""January 4January 4"", ""HeatingCooling"", 2.78, 2.87, 2.9, 2.92, 2.97, 2.97, 2.95, 2.89, 2.57, 2.26, 1.92, 1.7, 1.67, 1.58, 1.53, 1.62, 1.98, 2.31, 2.5, 2.57, 2.64, 2.7, 2.67, 2.6]",,,,,,"[""January 4"", 20.0, 20.0, 20.0, 20.0, 20.0, 20.0, 20.0, 20.0, 20.0, 20.0, 20.0, 20.0, 20.0, 20.0, 20.0, 20.0, 20.0, 20.0, 20.0, 20.0, 20.0, 20.0, 20.0, 20.0]","[""July 27"", 20.0, 20.0, 20.0, 20.0, 20.0, 20.0, 20.0, 20.0, 20.0, 20.0, 20.0, 20.0, 20.0, 20.0, 20.0, 20.0, 20.0, 20.0, 20.0, 20.0, 20.0, 20.0, 20.0, 20.0]","[0, 0, 0, 0, 0, 0, 0, 0, 0, 0, 0, 0, 0, 0, 0, 0, 0, 0, 0, 0, 0, 0, 0, 0, 0, 0, 0, 0, 0, 0, 0, 0, 0, 0, 0, 0, 0, 0, 0, 1321, 7439, 0, 0, 0, 0, 0, 0, 0, 0, 0, 0, 0, 0, 0, 0, 0, 0, 0, 0, 0, 0, 0, 0, 0, 0, 0, 0, 0, 0, 0, 0, 0, 0, 0, 0, 0, 0, 0, 0, 0, 0, 0, 0, 0, 0, 0, 0, 0, 0, 0, 0]",,,0.0,0.0,43.01858132656326,,,,516.6677000020667
LHS Autogenerated 1,e50df65c-8a1e-46a0-8182-99f8424b570e,2016-10-24T19:09:38Z,2016-10-24T19:10:03Z,completed,completed normal,230 - Infiltration,1.3444444444444443,9.183333333333334,20.000000000000004,,,68.0,20.000000000000835,827.0,19.999999999999563,,16-AUG-14:15,1.9117000000000002,04-JAN-05:00,4.7949399999999995,"[""January 4January 4"", ""HeatingCooling"", 4.58, 4.72, 4.74, 4.74, 4.79, 4.79, 4.78, 4.73, 4.4, 3.98, 3.49, 3.19, 3.12, 2.91, 2.84, 2.99, 3.45, 3.91, 4.16, 4.22, 4.29, 4.34, 4.29, 4.21]",,,,,,"[""January 4"", 20.0, 20.0, 20.0, 20.0, 20.0, 20.0, 20.0, 20.0, 20.0, 20.0, 20.0, 20.0, 20.0, 20.0, 20.0, 20.0, 20.0, 20.0, 20.0, 20.0, 20.0, 20.0, 20.0, 20.0]","[""July 27"", 20.0, 20.0, 20.0, 20.0, 20.0, 20.0, 20.0, 20.0, 20.0, 20.0, 20.0, 20.0, 20.0, 20.0, 20.0, 20.0, 20.0, 20.0, 20.0, 20.0, 20.0, 20.0, 20.0, 20.0]","[0, 0, 0, 0, 0, 0, 0, 0, 0, 0, 0, 0, 0, 0, 0, 0, 0, 0, 0, 0, 0, 0, 0, 0, 0, 0, 0, 0, 0, 0, 0, 0, 0, 0, 0, 0, 0, 0, 0, 2254, 6506, 0, 0, 0, 0, 0, 0, 0, 0, 0, 0, 0, 0, 0, 0, 0, 0, 0, 0, 0, 0, 0, 0, 0, 0, 0, 0, 0, 0, 0, 0, 0, 0, 0, 0, 0, 0, 0, 0, 0, 0, 0, 0, 0, 0, 0, 0, 0, 0, 0, 0]",,,0.0,0.0,86.2573003827294,,,,516.6677000020667
LHS Autogenerated 10,e7ce9ee3-de3f-498b-b267-4a55b806aa8c,2016-10-24T19:09:37Z,2016-10-24T19:10:04Z,completed,completed normal,900 - High-Mass Base Case,2.5083333333333333,1.222222222222222,24.329453454047155,,,6952.0,27.000000000000227,482.0,19.999999999999723,,17-OCT-14:15,3.2958800000000004,04-JAN-07:15,3.2058400000000002,"[""January 4January 4"", ""HeatingCooling"", 2.68, 2.83, 2.9, 2.98, 3.06, 3.11, 3.17, 3.05, 2.44, 1.77, 0.99, 0.28, 0.0, 0.0, 0.0, 0.0, 0.13, 0.62, 0.98, 1.23, 1.45, 1.64, 1.75, 1.85]",,,,,,"[""January 4"", 20.0, 20.0, 20.0, 20.0, 20.0, 20.0, 20.0, 20.0, 20.0, 20.0, 20.0, 20.0, 20.7, 22.0, 22.4, 21.9, 20.3, 20.0, 20.0, 20.0, 20.0, 20.0, 20.0, 20.0]","[""July 27"", 27.0, 27.0, 27.0, 27.0, 27.0, 27.0, 27.0, 27.0, 27.0, 27.0, 27.0, 27.0, 27.0, 27.0, 27.0, 27.0, 27.0, 27.0, 27.0, 27.0, 27.0, 27.0, 27.0, 27.0]","[0, 0, 0, 0, 0, 0, 0, 0, 0, 0, 0, 0, 0, 0, 0, 0, 0, 0, 0, 0, 0, 0, 0, 0, 0, 0, 0, 0, 0, 0, 0, 0, 0, 0, 0, 0, 0, 0, 0, 378, 1600, 450, 504, 559, 630, 722, 2350, 1567, 0, 0, 0, 0, 0, 0, 0, 0, 0, 0, 0, 0, 0, 0, 0, 0, 0, 0, 0, 0, 0, 0, 0, 0, 0, 0, 0, 0, 0, 0, 0, 0, 0, 0, 0, 0, 0, 0, 0, 0, 0, 0, 0]",,981.7119271795767,0.0,0.0,29.82866236119056,,,,516.6677000020667
LHS Autogenerated 24,ecd0b3e7-7ade-408d-b07f-699a306fa0a9,2016-10-24T19:09:02Z,2016-10-24T19:09:33Z,completed,completed normal,650 - Night Ventilation,5.305555555555555,0.0,14.326962912507604,,,4362.0,31.81662992404221,78.0,-23.043769796175457,,17-OCT-13:00,6.48751,01-JAN-00:15,0.0,"[""January 4January 4"", ""HeatingCooling"", 0.0, 0.0, 0.0, 0.0, 0.0, 0.0, 0.0, 0.0, 0.0, 0.0, 0.0, 0.0, 0.0, -0.27, -1.26, -0.8, 0.0, 0.0, 0.0, 0.0, 0.0, 0.0, 0.0, 0.0]",,,,,,"[""January 4"", -21.6, -22.8, -23.0, -22.9, -23.0, -23.0, -23.0, -22.2, -18.8, -11.5, -1.7, 9.4, 19.1, 25.8, 27.0, 27.0, 24.6, 18.6, -5.8, -11.6, -14.9, -16.7, -17.4, -17.8]","[""July 27"", 22.3, 21.0, 20.2, 19.4, 18.9, 19.3, 21.4, 23.8, 26.4, 27.0, 27.0, 27.0, 27.0, 27.0, 27.0, 27.0, 27.0, 27.0, 28.9, 28.0, 27.0, 25.7, 24.8, 23.9]","[7, 14, 13, 12, 12, 7, 7, 9, 17, 32, 49, 51, 65, 77, 90, 82, 144, 158, 153, 187, 194, 203, 212, 176, 206, 186, 196, 201, 182, 197, 170, 202, 219, 223, 204, 235, 212, 227, 216, 201, 172, 190, 180, 163, 161, 188, 535, 1869, 22, 7, 6, 2, 0, 0, 0, 0, 0, 0, 0, 0, 0, 0, 0, 0, 0, 0, 0, 0, 0, 0, 0, 0, 0, 0, 0, 0, 0, 0, 0, 0, 0, 0, 0, 0, 0, 0, 0, 0, 0, 0, 0]",,,0.0,0.0,39.478032842116896,,,,516.6677000020667
LHS Autogenerated 16,f4aba1f9-2c29-4852-bfd3-54152dbb4396,2016-10-24T19:09:35Z,2016-10-24T19:10:01Z,completed,completed normal,320 - Thermostat,5.808333333333333,3.7583333333333333,23.099421806610973,,,540.0,27.000000000000533,7253.0,19.999999999999623,,25-NOV-12:45,6.22758,04-JAN-05:00,3.02431,"[""January 4January 4"", ""HeatingCooling"", 2.86, 2.95, 2.99, 3.01, 3.02, 3.02, 3.02, 2.72, 1.46, 0.24, -0.37, -2.53, -3.84, -4.04, -3.41, -1.98, -0.22, 0.03, 1.02, 1.86, 2.3, 2.53, 2.61, 2.64]",,,,,,"[""January 4"", 20.0, 20.0, 20.0, 20.0, 20.0, 20.0, 20.0, 20.0, 20.0, 20.5, 25.5, 27.0, 27.0, 27.0, 27.0, 27.0, 26.4, 21.9, 20.0, 20.0, 20.0, 20.0, 20.0, 20.0]","[""July 27"", 25.2, 24.3, 23.4, 22.6, 21.8, 21.3, 21.7, 23.2, 25.4, 27.0, 27.0, 27.0, 27.0, 27.0, 27.0, 27.0, 27.0, 27.0, 27.0, 27.0, 27.0, 26.9, 26.5, 25.9]","[0, 0, 0, 0, 0, 0, 0, 0, 0, 0, 0, 0, 0, 0, 0, 0, 0, 0, 0, 0, 0, 0, 0, 0, 0, 0, 0, 0, 0, 0, 0, 0, 0, 0, 0, 0, 0, 0, 0, 473, 3533, 410, 342, 323, 284, 338, 2108, 949, 0, 0, 0, 0, 0, 0, 0, 0, 0, 0, 0, 0, 0, 0, 0, 0, 0, 0, 0, 0, 0, 0, 0, 0, 0, 0, 0, 0, 0, 0, 0, 0, 0, 0, 0, 0, 0, 0, 0, 0, 0, 0, 0]",,,0.0,0.0,63.17952839602722,,,,516.6677000020667
LHS Autogenerated 33,f5b95c87-f54b-4bcb-8396-a2237dd26ffd,2016-10-24T19:09:02Z,2016-10-24T19:09:30Z,completed,completed normal,430 - Exterior Shortwave Absorptance,0.35555555555555557,5.949999999999999,21.58280586911865,,,4359.0,27.00000000000013,8285.0,19.999999999999666,,16-AUG-14:30,1.22449,04-JAN-05:00,3.69752,"[""January 4January 4"", ""HeatingCooling"", 3.49, 3.61, 3.64, 3.64, 3.69, 3.69, 3.68, 3.63, 3.3, 2.94, 2.52, 2.26, 2.21, 2.06, 2.0, 2.12, 2.53, 2.92, 3.14, 3.21, 3.27, 3.33, 3.29, 3.22]",,,,,,"[""January 4"", 20.0, 20.0, 20.0, 20.0, 20.0, 20.0, 20.0, 20.0, 20.0, 20.0, 20.0, 20.0, 20.0, 20.0, 20.0, 20.0, 20.0, 20.0, 20.0, 20.0, 20.0, 20.0, 20.0, 20.0]","[""July 27"", 26.1, 25.3, 24.6, 23.9, 23.3, 22.9, 23.2, 24.3, 26.0, 27.0, 27.0, 27.0, 27.0, 27.0, 27.0, 27.0, 27.0, 27.0, 27.0, 27.0, 27.0, 27.0, 27.0, 26.7]","[0, 0, 0, 0, 0, 0, 0, 0, 0, 0, 0, 0, 0, 0, 0, 0, 0, 0, 0, 0, 0, 0, 0, 0, 0, 0, 0, 0, 0, 0, 0, 0, 0, 0, 0, 0, 0, 0, 0, 1513, 4372, 390, 362, 358, 331, 313, 762, 359, 0, 0, 0, 0, 0, 0, 0, 0, 0, 0, 0, 0, 0, 0, 0, 0, 0, 0, 0, 0, 0, 0, 0, 0, 0, 0, 0, 0, 0, 0, 0, 0, 0, 0, 0, 0, 0, 0, 0, 0, 0, 0, 0]",,,0.0,0.0,49.45760991744756,,,,516.6677000020667
LHS Autogenerated 5,f720e890-ad2a-4199-b046-c2f71baba3a9,2016-10-24T19:09:37Z,2016-10-24T19:10:05Z,completed,completed normal,395 - Solid Conduction Test,6.744444444444444,3.6666666666666665,23.223019294747957,,,804.0,27.000000000000547,287.0,19.99999999999973,,17-OCT-13:00,6.48463,04-JAN-05:00,3.0242199999999997,"[""January 4January 4"", ""HeatingCooling"", 2.85, 2.95, 2.99, 3.01, 3.02, 3.02, 3.02, 2.71, 1.32, 0.14, -0.52, -2.89, -4.12, -4.28, -3.59, -2.13, -0.26, 0.01, 0.98, 1.83, 2.28, 2.52, 2.61, 2.63]",,,,,,"[""January 4"", 20.0, 20.0, 20.0, 20.0, 20.0, 20.0, 20.0, 20.0, 20.0, 20.7, 25.8, 27.0, 27.0, 27.0, 27.0, 27.0, 26.5, 22.3, 20.0, 20.0, 20.0, 20.0, 20.0, 20.0]","[""July 27"", 25.3, 24.4, 23.5, 22.6, 21.8, 21.4, 22.1, 24.0, 26.6, 27.0, 27.0, 27.0, 27.0, 27.0, 27.0, 27.0, 27.0, 27.0, 27.0, 27.0, 27.0, 27.0, 26.5, 25.9]","[0, 0, 0, 0, 0, 0, 0, 0, 0, 0, 0, 0, 0, 0, 0, 0, 0, 0, 0, 0, 0, 0, 0, 0, 0, 0, 0, 0, 0, 0, 0, 0, 0, 0, 0, 0, 0, 0, 0, 488, 3364, 406, 345, 307, 289, 331, 2144, 1086, 0, 0, 0, 0, 0, 0, 0, 0, 0, 0, 0, 0, 0, 0, 0, 0, 0, 0, 0, 0, 0, 0, 0, 0, 0, 0, 0, 0, 0, 0, 0, 0, 0, 0, 0, 0, 0, 0, 0, 0, 0, 0, 0]",,,0.0,0.0,68.75635087930024,,,,516.6677000020667
LHS Autogenerated 3,fb166e22-48ec-43f0-8923-4860bef4589f,2016-10-24T19:09:38Z,2016-10-24T19:10:05Z,completed,completed normal,940 - High-Mass Thermostat Setback,2.436111111111111,0.7666666666666666,23.83879663395784,,,5945.0,27.000000000000227,51.0,10.00000000000001,,17-OCT-14:15,3.29587,04-JAN-07:15,5.680770000000001,"[""January 4January 4"", ""HeatingCooling"", 0.0, 0.2, 0.45, 0.67, 0.85, 0.99, 1.12, 4.81, 3.74, 2.81, 1.79, 1.17, 0.55, 0.07, 0.0, 0.12, 0.72, 1.26, 1.56, 1.74, 1.91, 2.02, 2.09, 0.0]",,,,,,"[""January 4"", 10.6, 10.0, 10.0, 10.0, 10.0, 10.0, 10.0, 20.0, 20.0, 20.0, 20.0, 20.0, 20.0, 20.1, 20.3, 20.0, 20.0, 20.0, 20.0, 20.0, 20.0, 20.0, 20.0, 14.5]","[""July 27"", 27.0, 27.0, 27.0, 27.0, 27.0, 27.0, 27.0, 27.0, 27.0, 27.0, 27.0, 27.0, 27.0, 27.0, 27.0, 27.0, 27.0, 27.0, 27.0, 27.0, 27.0, 27.0, 27.0, 27.0]","[0, 0, 0, 0, 0, 0, 0, 0, 0, 0, 0, 0, 0, 0, 0, 0, 0, 0, 0, 0, 0, 0, 0, 0, 0, 0, 0, 0, 0, 0, 48, 17, 26, 53, 77, 99, 114, 132, 178, 307, 1132, 436, 501, 535, 623, 684, 2271, 1527, 0, 0, 0, 0, 0, 0, 0, 0, 0, 0, 0, 0, 0, 0, 0, 0, 0, 0, 0, 0, 0, 0, 0, 0, 0, 0, 0, 0, 0, 0, 0, 0, 0, 0, 0, 0, 0, 0, 0, 0, 0, 0, 0]",,,0.0,0.0,25.554321444734594,,,,516.6677000020667
LHS Autogenerated 37,ff8caae1-0220-451f-b4ce-4db32ecf4ae9,2016-10-24T19:09:02Z,2016-10-24T19:09:31Z,completed,completed normal,930 - High-Mass East/West Shading,1.6388888888888888,3.9055555555555554,22.91125275924611,,,4841.0,27.000000000000224,7827.0,19.99999999999967,,26-JUL-17:00,2.32008,04-JAN-07:15,3.51877,"[""January 4January 4"", ""HeatingCooling"", 3.29, 3.37, 3.4, 3.43, 3.46, 3.48, 3.51, 3.41, 3.09, 2.87, 2.72, 2.61, 2.54, 2.4, 2.2, 2.12, 2.35, 2.63, 2.75, 2.8, 2.86, 2.91, 2.91, 2.93]",,,,,,"[""January 4"", 20.0, 20.0, 20.0, 20.0, 20.0, 20.0, 20.0, 20.0, 20.0, 20.0, 20.0, 20.0, 20.0, 20.0, 20.0, 20.0, 20.0, 20.0, 20.0, 20.0, 20.0, 20.0, 20.0, 20.0]","[""July 27"", 27.0, 27.0, 27.0, 27.0, 27.0, 27.0, 27.0, 27.0, 27.0, 27.0, 27.0, 27.0, 27.0, 27.0, 27.0, 27.0, 27.0, 27.0, 27.0, 27.0, 27.0, 27.0, 27.0, 27.0]","[0, 0, 0, 0, 0, 0, 0, 0, 0, 0, 0, 0, 0, 0, 0, 0, 0, 0, 0, 0, 0, 0, 0, 0, 0, 0, 0, 0, 0, 0, 0, 0, 0, 0, 0, 0, 0, 0, 0, 1054, 3215, 308, 312, 340, 377, 410, 1507, 1237, 0, 0, 0, 0, 0, 0, 0, 0, 0, 0, 0, 0, 0, 0, 0, 0, 0, 0, 0, 0, 0, 0, 0, 0, 0, 0, 0, 0, 0, 0, 0, 0, 0, 0, 0, 0, 0, 0, 0, 0, 0, 0, 0]",,525.9414366832748,0.0,0.0,43.62396008297119,,,,516.6677000020667
LHS Autogenerated 34,fff56b3a-15f1-4bdd-bd5c-1bbfbcf54236,2016-10-24T19:09:02Z,2016-10-24T19:09:29Z,completed,completed normal,195 - Solid Conduction Test,1.7611111111111108,3.4388888888888887,20.0,,,8426.0,20.000000000000245,1435.0,19.999999999999744,,05-SEP-12:45,2.17279,04-JAN-07:15,2.0900700000000003,"[""January 4January 4"", ""HeatingCooling"", 1.99, 2.05, 2.08, 2.08, 2.08, 2.09, 2.09, 2.06, 1.75, 1.37, 1.05, 0.83, 0.84, 0.79, 0.77, 0.81, 1.13, 1.54, 1.77, 1.85, 1.87, 1.89, 1.89, 1.87]",,,,,,"[""January 4"", 20.0, 20.0, 20.0, 20.0, 20.0, 20.0, 20.0, 20.0, 20.0, 20.0, 20.0, 20.0, 20.0, 20.0, 20.0, 20.0, 20.0, 20.0, 20.0, 20.0, 20.0, 20.0, 20.0, 20.0]","[""July 27"", 20.0, 20.0, 20.0, 20.0, 20.0, 20.0, 20.0, 20.0, 20.0, 20.0, 20.0, 20.0, 20.0, 20.0, 20.0, 20.0, 20.0, 20.0, 20.0, 20.0, 20.0, 20.0, 20.0, 20.0]","[0, 0, 0, 0, 0, 0, 0, 0, 0, 0, 0, 0, 0, 0, 0, 0, 0, 0, 0, 0, 0, 0, 0, 0, 0, 0, 0, 0, 0, 0, 0, 0, 0, 0, 0, 0, 0, 0, 0, 1393, 7367, 0, 0, 0, 0, 0, 0, 0, 0, 0, 0, 0, 0, 0, 0, 0, 0, 0, 0, 0, 0, 0, 0, 0, 0, 0, 0, 0, 0, 0, 0, 0, 0, 0, 0, 0, 0, 0, 0, 0, 0, 0, 0, 0, 0, 0, 0, 0, 0, 0, 0]",,,0.0,0.0,34.34148581804964,,,,516.6677000020667
