bestest.case_num,bestest_building_thermal_envelope_and_fabric_load_reporting.annual_cooling,bestest_building_thermal_envelope_and_fabric_load_reporting.annual_heating,bestest_building_thermal_envelope_and_fabric_load_reporting.avg_temp,bestest_building_thermal_envelope_and_fabric_load_reporting.east_incident_solar_radiation,bestest_building_thermal_envelope_and_fabric_load_reporting.horizontal_incident_solar_radiation,bestest_building_thermal_envelope_and_fabric_load_reporting.max_index_position,bestest_building_thermal_envelope_and_fabric_load_reporting.max_temp,bestest_building_thermal_envelope_and_fabric_load_reporting.min_index_position,bestest_building_thermal_envelope_and_fabric_load_reporting.min_temp,bestest_building_thermal_envelope_and_fabric_load_reporting.north_incident_solar_radiation,bestest_building_thermal_envelope_and_fabric_load_reporting.peak_cooling_time,bestest_building_thermal_envelope_and_fabric_load_reporting.peak_cooling_value,bestest_building_thermal_envelope_and_fabric_load_reporting.peak_heating_time,bestest_building_thermal_envelope_and_fabric_load_reporting.peak_heating_value,bestest_building_thermal_envelope_and_fabric_load_reporting.sens_htg_clg_0104,bestest_building_thermal_envelope_and_fabric_load_reporting.south_incident_solar_radiation,bestest_building_thermal_envelope_and_fabric_load_reporting.surf_out_inst_slr_rad_0305_zone_surface_south,bestest_building_thermal_envelope_and_fabric_load_reporting.surf_out_inst_slr_rad_0305_zone_surface_west,bestest_building_thermal_envelope_and_fabric_load_reporting.surf_out_inst_slr_rad_0727_zone_surface_south,bestest_building_thermal_envelope_and_fabric_load_reporting.surf_out_inst_slr_rad_0727_zone_surface_west,bestest_building_thermal_envelope_and_fabric_load_reporting.temp_0104,bestest_building_thermal_envelope_and_fabric_load_reporting.temp_0727,bestest_building_thermal_envelope_and_fabric_load_reporting.temp_bins,bestest_building_thermal_envelope_and_fabric_load_reporting.west_incident_solar_radiation,bestest_building_thermal_envelope_and_fabric_load_reporting.zone_total_transmitted_solar_radiation,bestest_ce_reporting.ann_mean_cop_2,bestest_ce_reporting.ann_mean_idb,bestest_ce_reporting.ann_mean_odb,bestest_ce_reporting.ann_mean_outdoor_humidity_ratio,bestest_ce_reporting.ann_mean_zone_humidity_ratio,bestest_ce_reporting.ann_mean_zone_relative_humidity,bestest_ce_reporting.ann_sum_clg_energy_consumption_compressor,bestest_ce_reporting.ann_sum_clg_energy_consumption_condenser_fan,bestest_ce_reporting.ann_sum_clg_energy_consumption_supply_fan,bestest_ce_reporting.ann_sum_clg_energy_consumption_total,bestest_ce_reporting.ann_sum_evap_coil_load_latent,bestest_ce_reporting.ann_sum_evap_coil_load_sensible,bestest_ce_reporting.ann_sum_evap_coil_load_total,bestest_ce_reporting.apr_dec_cop_2_max_cop_2,bestest_ce_reporting.apr_dec_cop_2_max_date,bestest_ce_reporting.apr_dec_cop_2_max_hr,bestest_ce_reporting.apr_dec_cop_2_min_cop_2,bestest_ce_reporting.apr_dec_cop_2_min_date,bestest_ce_reporting.apr_dec_cop_2_min_hr,bestest_ce_reporting.apr_dec_hr_max_date,bestest_ce_reporting.apr_dec_hr_max_hr,bestest_ce_reporting.apr_dec_hr_max_humidity_ratio,bestest_ce_reporting.apr_dec_hr_min_date,bestest_ce_reporting.apr_dec_hr_min_hr,bestest_ce_reporting.apr_dec_hr_min_humidity_ratio,bestest_ce_reporting.apr_dec_idb_max_date,bestest_ce_reporting.apr_dec_idb_max_hr,bestest_ce_reporting.apr_dec_idb_max_idb,bestest_ce_reporting.apr_dec_idb_min_date,bestest_ce_reporting.apr_dec_idb_min_hr,bestest_ce_reporting.apr_dec_idb_min_idb,bestest_ce_reporting.apr_dec_rh_max_date,bestest_ce_reporting.apr_dec_rh_max_hr,bestest_ce_reporting.apr_dec_rh_max_relative_humidity,bestest_ce_reporting.apr_dec_rh_min_date,bestest_ce_reporting.apr_dec_rh_min_hr,bestest_ce_reporting.apr_dec_rh_min_relative_humidity,bestest_ce_reporting.clg_energy_consumption_compressor,bestest_ce_reporting.clg_energy_consumption_condenser_fan,bestest_ce_reporting.clg_energy_consumption_supply_fan,bestest_ce_reporting.clg_energy_consumption_total,bestest_ce_reporting.cop_2_max_cop_2,bestest_ce_reporting.cop_2_max_date,bestest_ce_reporting.cop_2_max_hr,bestest_ce_reporting.cop_2_min_cop_2,bestest_ce_reporting.cop_2_min_date,bestest_ce_reporting.cop_2_min_hr,bestest_ce_reporting.energy_consumption_comp_both_fans_date,bestest_ce_reporting.energy_consumption_comp_both_fans_hr,bestest_ce_reporting.energy_consumption_comp_both_fans_wh,bestest_ce_reporting.evap_coil_load_latent_date,bestest_ce_reporting.evap_coil_load_latent_hr,bestest_ce_reporting.evap_coil_load_latent_wh,bestest_ce_reporting.evap_coil_load_sensible_and_latent_date,bestest_ce_reporting.evap_coil_load_sensible_and_latent_hr,bestest_ce_reporting.evap_coil_load_sensible_and_latent_wh,bestest_ce_reporting.evap_coil_load_sensible_date,bestest_ce_reporting.evap_coil_load_sensible_hr,bestest_ce_reporting.evap_coil_load_sensible_wh,bestest_ce_reporting.evaporator_coil_load_latent,bestest_ce_reporting.evaporator_coil_load_sensible,bestest_ce_reporting.evaporator_coil_load_total,bestest_ce_reporting.feb_max_cop,bestest_ce_reporting.feb_max_humidity_ratio,bestest_ce_reporting.feb_max_idb,bestest_ce_reporting.feb_mean_cop,bestest_ce_reporting.feb_mean_humidity_ratio,bestest_ce_reporting.feb_mean_idb,bestest_ce_reporting.feb_min_cop,bestest_ce_reporting.feb_min_humidity_ratio,bestest_ce_reporting.feb_min_idb,bestest_ce_reporting.hr_max_date,bestest_ce_reporting.hr_max_hr,bestest_ce_reporting.hr_max_humidity_ratio,bestest_ce_reporting.hr_min_date,bestest_ce_reporting.hr_min_hr,bestest_ce_reporting.hr_min_humidity_ratio,bestest_ce_reporting.idb_max_date,bestest_ce_reporting.idb_max_hr,bestest_ce_reporting.idb_max_idb,bestest_ce_reporting.idb_min_date,bestest_ce_reporting.idb_min_hr,bestest_ce_reporting.idb_min_idb,bestest_ce_reporting.may_sept_mean_cop_2,bestest_ce_reporting.may_sept_mean_idb,bestest_ce_reporting.may_sept_mean_odb,bestest_ce_reporting.may_sept_mean_outdoor_humidity_ratio,bestest_ce_reporting.may_sept_mean_zone_humidity_ratio,bestest_ce_reporting.may_sept_mean_zone_relative_humidity,bestest_ce_reporting.may_sept_sum_clg_consumption_compressor,bestest_ce_reporting.may_sept_sum_clg_consumption_cond_fan,bestest_ce_reporting.may_sept_sum_clg_consumption_indoor_fan,bestest_ce_reporting.may_sept_sum_clg_consumption_total,bestest_ce_reporting.may_sept_sum_evap_coil_load_latent,bestest_ce_reporting.may_sept_sum_evap_coil_load_sensible,bestest_ce_reporting.may_sept_sum_evap_coil_load_total,bestest_ce_reporting.mmdd_0430_day_edb,bestest_ce_reporting.mmdd_0430_day_energy_consumption_compressor,bestest_ce_reporting.mmdd_0430_day_energy_consumption_condenser_fan,bestest_ce_reporting.mmdd_0430_day_energy_consumption_supply_fan,bestest_ce_reporting.mmdd_0430_day_energy_consumption_total,bestest_ce_reporting.mmdd_0430_day_evaporator_coil_load_latent,bestest_ce_reporting.mmdd_0430_day_evaporator_coil_load_sensible,bestest_ce_reporting.mmdd_0430_day_evaporator_coil_load_total,bestest_ce_reporting.mmdd_0430_day_odb,bestest_ce_reporting.mmdd_0430_day_zone_humidity_ratio,bestest_ce_reporting.mmdd_0625_day_edb,bestest_ce_reporting.mmdd_0625_day_energy_consumption_compressor,bestest_ce_reporting.mmdd_0625_day_energy_consumption_condenser_fan,bestest_ce_reporting.mmdd_0625_day_energy_consumption_supply_fan,bestest_ce_reporting.mmdd_0625_day_energy_consumption_total,bestest_ce_reporting.mmdd_0625_day_evaporator_coil_load_latent,bestest_ce_reporting.mmdd_0625_day_evaporator_coil_load_sensible,bestest_ce_reporting.mmdd_0625_day_evaporator_coil_load_total,bestest_ce_reporting.mmdd_0625_day_odb,bestest_ce_reporting.mmdd_0625_day_zone_humidity_ratio,bestest_ce_reporting.mmdd_0628_hourly_cop_2,bestest_ce_reporting.mmdd_0628_hourly_edb,bestest_ce_reporting.mmdd_0628_hourly_energy_consumpton_compressor,bestest_ce_reporting.mmdd_0628_hourly_energy_consumpton_cond_fan,bestest_ce_reporting.mmdd_0628_hourly_evaporator_coil_load_latent,bestest_ce_reporting.mmdd_0628_hourly_evaporator_coil_load_sensible,bestest_ce_reporting.mmdd_0628_hourly_evaporator_coil_load_total,bestest_ce_reporting.mmdd_0628_hourly_ewb,bestest_ce_reporting.mmdd_0628_hourly_odb,bestest_ce_reporting.mmdd_0628_hourly_outdoor_humidity_ratio,bestest_ce_reporting.mmdd_0628_hourly_zone_humidity_ratio,bestest_ce_reporting.rh_max_date,bestest_ce_reporting.rh_max_hr,bestest_ce_reporting.rh_max_relative_humidity,bestest_ce_reporting.rh_min_date,bestest_ce_reporting.rh_min_hr,bestest_ce_reporting.rh_min_relative_humidity,bestest_ce_reporting.weather_odb_c,bestest_ce_reporting.weather_odb_date,bestest_ce_reporting.weather_odb_hr,bestest_ce_reporting.weather_outdoor_humidity_ratio_c,bestest_ce_reporting.weather_outdoor_humidity_ratio_date,bestest_ce_reporting.weather_outdoor_humidity_ratio_hr,bestest_ce_reporting.zone_load_latent,bestest_ce_reporting.zone_load_sensible,bestest_ce_reporting.zone_load_total,bestest_he_reporting.average_fuel_consumption,bestest_he_reporting.fan_energy,bestest_he_reporting.maximum_zone_temperature,bestest_he_reporting.mean_zone_temperature,bestest_he_reporting.minimum_zone_temperature,bestest_he_reporting.total_furnace_input,bestest_he_reporting.total_furnace_load,building_name,dir_name,status
195 - Solid Conduction Test,0.413889,4.36111,20,,,72,20,8665,20,,26-JUL-16:00,0.730137,04-JAN-05:45,2.09174,"[""January 4January 4"", ""HeatingCooling"", 0.0, 0.0, 0.0, 0.0, 0.0, 0.0, 0.0, 0.0, 0.0, 0.0, 0.0, 0.0, 0.0, 0.0, 0.0, 0.0, 0.0, 0.0, 0.0, 0.0, 0.0, 0.0, 0.0, 0.0]",,,,,,"[""January 4"", 0.0, 0.0, 0.0, 0.0, 0.0, 0.0, 0.0, 0.0, 0.0, 0.0, 0.0, 0.0, 0.0, 0.0, 0.0, 0.0, 0.0, 0.0, 0.0, 0.0, 0.0, 0.0, 0.0, 0.0]","[""July 27"", 0.0, 0.0, 0.0, 0.0, 0.0, 0.0, 0.0, 0.0, 0.0, 0.0, 0.0, 0.0, 0.0, 0.0, 0.0, 0.0, 0.0, 0.0, 0.0, 0.0, 0.0, 0.0, 0.0, 0.0]","[0, 0, 0, 0, 0, 0, 0, 0, 0, 0, 0, 0, 0, 0, 0, 0, 0, 0, 0, 0, 0, 0, 0, 0, 0, 0, 0, 0, 0, 0, 0, 0, 0, 0, 0, 0, 0, 0, 0, 1460, 7300, 0, 0, 0, 0, 0, 0, 0, 0, 0, 0, 0, 0, 0, 0, 0, 0, 0, 0, 0, 0, 0, 0, 0, 0, 0, 0, 0, 0, 0, 0, 0, 0, 0, 0, 0, 0, 0, 0, 0, 0, 0, 0, 0, 0, 0, 0, 0, 0, 0, 0]",,,,,,,,,,,,,,,,,,,,,,,,,,,,,,,,,,,,,,,,,,,,,,,,,,,,,,,,,,,,,,,,,,,,,,,,,,,,,,,,,,,,,,,,,,,,,,,,,,,,,,,,,,,,,,,,,,,,,,,,,,,,,,,,,,,,,,,,,,,,,,,,,,,,,,,,BESTEST Case 195,workflow/BESTEST Case 195,Success
200 - Surface Convection/Infrared Radiation,0.588889,5.58333,20,,,47,20,2259,20,,26-JUL-15:30,0.974617,04-JAN-05:15,2.85576,"[""January 4January 4"", ""HeatingCooling"", 0.0, 0.0, 0.0, 0.0, 0.0, 0.0, 0.0, 0.0, 0.0, 0.0, 0.0, 0.0, 0.0, 0.0, 0.0, 0.0, 0.0, 0.0, 0.0, 0.0, 0.0, 0.0, 0.0, 0.0]",,,,,,"[""January 4"", 0.0, 0.0, 0.0, 0.0, 0.0, 0.0, 0.0, 0.0, 0.0, 0.0, 0.0, 0.0, 0.0, 0.0, 0.0, 0.0, 0.0, 0.0, 0.0, 0.0, 0.0, 0.0, 0.0, 0.0]","[""July 27"", 0.0, 0.0, 0.0, 0.0, 0.0, 0.0, 0.0, 0.0, 0.0, 0.0, 0.0, 0.0, 0.0, 0.0, 0.0, 0.0, 0.0, 0.0, 0.0, 0.0, 0.0, 0.0, 0.0, 0.0]","[0, 0, 0, 0, 0, 0, 0, 0, 0, 0, 0, 0, 0, 0, 0, 0, 0, 0, 0, 0, 0, 0, 0, 0, 0, 0, 0, 0, 0, 0, 0, 0, 0, 0, 0, 0, 0, 0, 0, 1386, 7374, 0, 0, 0, 0, 0, 0, 0, 0, 0, 0, 0, 0, 0, 0, 0, 0, 0, 0, 0, 0, 0, 0, 0, 0, 0, 0, 0, 0, 0, 0, 0, 0, 0, 0, 0, 0, 0, 0, 0, 0, 0, 0, 0, 0, 0, 0, 0, 0, 0, 0]",,,,,,,,,,,,,,,,,,,,,,,,,,,,,,,,,,,,,,,,,,,,,,,,,,,,,,,,,,,,,,,,,,,,,,,,,,,,,,,,,,,,,,,,,,,,,,,,,,,,,,,,,,,,,,,,,,,,,,,,,,,,,,,,,,,,,,,,,,,,,,,,,,,,,,,,BESTEST Case 200,workflow/BESTEST Case 200,Success
210 - Interior Infrared Radiation,0.366667,6.60556,20,,,39,20,1678,20,,27-JUL-14:45,0.811795,04-JAN-05:00,3.04446,"[""January 4January 4"", ""HeatingCooling"", 0.0, 0.0, 0.0, 0.0, 0.0, 0.0, 0.0, 0.0, 0.0, 0.0, 0.0, 0.0, 0.0, 0.0, 0.0, 0.0, 0.0, 0.0, 0.0, 0.0, 0.0, 0.0, 0.0, 0.0]",,,,,,"[""January 4"", 0.0, 0.0, 0.0, 0.0, 0.0, 0.0, 0.0, 0.0, 0.0, 0.0, 0.0, 0.0, 0.0, 0.0, 0.0, 0.0, 0.0, 0.0, 0.0, 0.0, 0.0, 0.0, 0.0, 0.0]","[""July 27"", 0.0, 0.0, 0.0, 0.0, 0.0, 0.0, 0.0, 0.0, 0.0, 0.0, 0.0, 0.0, 0.0, 0.0, 0.0, 0.0, 0.0, 0.0, 0.0, 0.0, 0.0, 0.0, 0.0, 0.0]","[0, 0, 0, 0, 0, 0, 0, 0, 0, 0, 0, 0, 0, 0, 0, 0, 0, 0, 0, 0, 0, 0, 0, 0, 0, 0, 0, 0, 0, 0, 0, 0, 0, 0, 0, 0, 0, 0, 0, 1408, 7352, 0, 0, 0, 0, 0, 0, 0, 0, 0, 0, 0, 0, 0, 0, 0, 0, 0, 0, 0, 0, 0, 0, 0, 0, 0, 0, 0, 0, 0, 0, 0, 0, 0, 0, 0, 0, 0, 0, 0, 0, 0, 0, 0, 0, 0, 0, 0, 0, 0, 0]",,,,,,,,,,,,,,,,,,,,,,,,,,,,,,,,,,,,,,,,,,,,,,,,,,,,,,,,,,,,,,,,,,,,,,,,,,,,,,,,,,,,,,,,,,,,,,,,,,,,,,,,,,,,,,,,,,,,,,,,,,,,,,,,,,,,,,,,,,,,,,,,,,,,,,,,BESTEST Case 210,workflow/BESTEST Case 210,Success
215 - Exterior Infrared Radiation,0.644444,5.95556,20,,,77,20,8428,20,,26-JUL-15:30,1.07409,04-JAN-05:15,3.03412,"[""January 4January 4"", ""HeatingCooling"", 0.0, 0.0, 0.0, 0.0, 0.0, 0.0, 0.0, 0.0, 0.0, 0.0, 0.0, 0.0, 0.0, 0.0, 0.0, 0.0, 0.0, 0.0, 0.0, 0.0, 0.0, 0.0, 0.0, 0.0]",,,,,,"[""January 4"", 0.0, 0.0, 0.0, 0.0, 0.0, 0.0, 0.0, 0.0, 0.0, 0.0, 0.0, 0.0, 0.0, 0.0, 0.0, 0.0, 0.0, 0.0, 0.0, 0.0, 0.0, 0.0, 0.0, 0.0]","[""July 27"", 0.0, 0.0, 0.0, 0.0, 0.0, 0.0, 0.0, 0.0, 0.0, 0.0, 0.0, 0.0, 0.0, 0.0, 0.0, 0.0, 0.0, 0.0, 0.0, 0.0, 0.0, 0.0, 0.0, 0.0]","[0, 0, 0, 0, 0, 0, 0, 0, 0, 0, 0, 0, 0, 0, 0, 0, 0, 0, 0, 0, 0, 0, 0, 0, 0, 0, 0, 0, 0, 0, 0, 0, 0, 0, 0, 0, 0, 0, 0, 1307, 7453, 0, 0, 0, 0, 0, 0, 0, 0, 0, 0, 0, 0, 0, 0, 0, 0, 0, 0, 0, 0, 0, 0, 0, 0, 0, 0, 0, 0, 0, 0, 0, 0, 0, 0, 0, 0, 0, 0, 0, 0, 0, 0, 0, 0, 0, 0, 0, 0, 0, 0]",,,,,,,,,,,,,,,,,,,,,,,,,,,,,,,,,,,,,,,,,,,,,,,,,,,,,,,,,,,,,,,,,,,,,,,,,,,,,,,,,,,,,,,,,,,,,,,,,,,,,,,,,,,,,,,,,,,,,,,,,,,,,,,,,,,,,,,,,,,,,,,,,,,,,,,,BESTEST Case 215,workflow/BESTEST Case 215,Success
220 - In-Depth Series Base Case,0.405556,7.11667,20,,,943,20,1417,20,,27-JUL-15:00,0.910124,04-JAN-05:15,3.24644,"[""January 4January 4"", ""HeatingCooling"", 0.0, 0.0, 0.0, 0.0, 0.0, 0.0, 0.0, 0.0, 0.0, 0.0, 0.0, 0.0, 0.0, 0.0, 0.0, 0.0, 0.0, 0.0, 0.0, 0.0, 0.0, 0.0, 0.0, 0.0]",,,,,,"[""January 4"", 0.0, 0.0, 0.0, 0.0, 0.0, 0.0, 0.0, 0.0, 0.0, 0.0, 0.0, 0.0, 0.0, 0.0, 0.0, 0.0, 0.0, 0.0, 0.0, 0.0, 0.0, 0.0, 0.0, 0.0]","[""July 27"", 0.0, 0.0, 0.0, 0.0, 0.0, 0.0, 0.0, 0.0, 0.0, 0.0, 0.0, 0.0, 0.0, 0.0, 0.0, 0.0, 0.0, 0.0, 0.0, 0.0, 0.0, 0.0, 0.0, 0.0]","[0, 0, 0, 0, 0, 0, 0, 0, 0, 0, 0, 0, 0, 0, 0, 0, 0, 0, 0, 0, 0, 0, 0, 0, 0, 0, 0, 0, 0, 0, 0, 0, 0, 0, 0, 0, 0, 0, 0, 1377, 7383, 0, 0, 0, 0, 0, 0, 0, 0, 0, 0, 0, 0, 0, 0, 0, 0, 0, 0, 0, 0, 0, 0, 0, 0, 0, 0, 0, 0, 0, 0, 0, 0, 0, 0, 0, 0, 0, 0, 0, 0, 0, 0, 0, 0, 0, 0, 0, 0, 0, 0]",,,,,,,,,,,,,,,,,,,,,,,,,,,,,,,,,,,,,,,,,,,,,,,,,,,,,,,,,,,,,,,,,,,,,,,,,,,,,,,,,,,,,,,,,,,,,,,,,,,,,,,,,,,,,,,,,,,,,,,,,,,,,,,,,,,,,,,,,,,,,,,,,,,,,,,,BESTEST Case 220,workflow/BESTEST Case 220,Success
230 - Infiltration,0.697222,10.9056,20,,,74,20,7493,20,,27-JUL-15:00,1.40681,04-JAN-07:15,5.06692,"[""January 4January 4"", ""HeatingCooling"", 0.0, 0.0, 0.0, 0.0, 0.0, 0.0, 0.0, 0.0, 0.0, 0.0, 0.0, 0.0, 0.0, 0.0, 0.0, 0.0, 0.0, 0.0, 0.0, 0.0, 0.0, 0.0, 0.0, 0.0]",,,,,,"[""January 4"", 0.0, 0.0, 0.0, 0.0, 0.0, 0.0, 0.0, 0.0, 0.0, 0.0, 0.0, 0.0, 0.0, 0.0, 0.0, 0.0, 0.0, 0.0, 0.0, 0.0, 0.0, 0.0, 0.0, 0.0]","[""July 27"", 0.0, 0.0, 0.0, 0.0, 0.0, 0.0, 0.0, 0.0, 0.0, 0.0, 0.0, 0.0, 0.0, 0.0, 0.0, 0.0, 0.0, 0.0, 0.0, 0.0, 0.0, 0.0, 0.0, 0.0]","[0, 0, 0, 0, 0, 0, 0, 0, 0, 0, 0, 0, 0, 0, 0, 0, 0, 0, 0, 0, 0, 0, 0, 0, 0, 0, 0, 0, 0, 0, 0, 0, 0, 0, 0, 0, 0, 0, 0, 2282, 6478, 0, 0, 0, 0, 0, 0, 0, 0, 0, 0, 0, 0, 0, 0, 0, 0, 0, 0, 0, 0, 0, 0, 0, 0, 0, 0, 0, 0, 0, 0, 0, 0, 0, 0, 0, 0, 0, 0, 0, 0, 0, 0, 0, 0, 0, 0, 0, 0, 0, 0]",,,,,,,,,,,,,,,,,,,,,,,,,,,,,,,,,,,,,,,,,,,,,,,,,,,,,,,,,,,,,,,,,,,,,,,,,,,,,,,,,,,,,,,,,,,,,,,,,,,,,,,,,,,,,,,,,,,,,,,,,,,,,,,,,,,,,,,,,,,,,,,,,,,,,,,,BESTEST Case 230,workflow/BESTEST Case 230,Success
240 - Internal Gains,0.705556,5.87222,20,,,8192,20,1196,20,,27-JUL-15:00,1.0928,04-JAN-05:15,3.0628,"[""January 4January 4"", ""HeatingCooling"", 0.0, 0.0, 0.0, 0.0, 0.0, 0.0, 0.0, 0.0, 0.0, 0.0, 0.0, 0.0, 0.0, 0.0, 0.0, 0.0, 0.0, 0.0, 0.0, 0.0, 0.0, 0.0, 0.0, 0.0]",,,,,,"[""January 4"", 0.0, 0.0, 0.0, 0.0, 0.0, 0.0, 0.0, 0.0, 0.0, 0.0, 0.0, 0.0, 0.0, 0.0, 0.0, 0.0, 0.0, 0.0, 0.0, 0.0, 0.0, 0.0, 0.0, 0.0]","[""July 27"", 0.0, 0.0, 0.0, 0.0, 0.0, 0.0, 0.0, 0.0, 0.0, 0.0, 0.0, 0.0, 0.0, 0.0, 0.0, 0.0, 0.0, 0.0, 0.0, 0.0, 0.0, 0.0, 0.0, 0.0]","[0, 0, 0, 0, 0, 0, 0, 0, 0, 0, 0, 0, 0, 0, 0, 0, 0, 0, 0, 0, 0, 0, 0, 0, 0, 0, 0, 0, 0, 0, 0, 0, 0, 0, 0, 0, 0, 0, 0, 1365, 7395, 0, 0, 0, 0, 0, 0, 0, 0, 0, 0, 0, 0, 0, 0, 0, 0, 0, 0, 0, 0, 0, 0, 0, 0, 0, 0, 0, 0, 0, 0, 0, 0, 0, 0, 0, 0, 0, 0, 0, 0, 0, 0, 0, 0, 0, 0, 0, 0, 0, 0]",,,,,,,,,,,,,,,,,,,,,,,,,,,,,,,,,,,,,,,,,,,,,,,,,,,,,,,,,,,,,,,,,,,,,,,,,,,,,,,,,,,,,,,,,,,,,,,,,,,,,,,,,,,,,,,,,,,,,,,,,,,,,,,,,,,,,,,,,,,,,,,,,,,,,,,,BESTEST Case 240,workflow/BESTEST Case 240,Success
250 - Exterior Shortwave Absorptance,3.175,5.19167,20,,,73,20,286,20,,05-SEP-12:45,3.03971,04-JAN-05:15,3.24635,"[""January 4January 4"", ""HeatingCooling"", 0.0, 0.0, 0.0, 0.0, 0.0, 0.0, 0.0, 0.0, 0.0, 0.0, 0.0, 0.0, 0.0, 0.0, 0.0, 0.0, 0.0, 0.0, 0.0, 0.0, 0.0, 0.0, 0.0, 0.0]",,,,,,"[""January 4"", 0.0, 0.0, 0.0, 0.0, 0.0, 0.0, 0.0, 0.0, 0.0, 0.0, 0.0, 0.0, 0.0, 0.0, 0.0, 0.0, 0.0, 0.0, 0.0, 0.0, 0.0, 0.0, 0.0, 0.0]","[""July 27"", 0.0, 0.0, 0.0, 0.0, 0.0, 0.0, 0.0, 0.0, 0.0, 0.0, 0.0, 0.0, 0.0, 0.0, 0.0, 0.0, 0.0, 0.0, 0.0, 0.0, 0.0, 0.0, 0.0, 0.0]","[0, 0, 0, 0, 0, 0, 0, 0, 0, 0, 0, 0, 0, 0, 0, 0, 0, 0, 0, 0, 0, 0, 0, 0, 0, 0, 0, 0, 0, 0, 0, 0, 0, 0, 0, 0, 0, 0, 0, 1431, 7329, 0, 0, 0, 0, 0, 0, 0, 0, 0, 0, 0, 0, 0, 0, 0, 0, 0, 0, 0, 0, 0, 0, 0, 0, 0, 0, 0, 0, 0, 0, 0, 0, 0, 0, 0, 0, 0, 0, 0, 0, 0, 0, 0, 0, 0, 0, 0, 0, 0, 0]",,,,,,,,,,,,,,,,,,,,,,,,,,,,,,,,,,,,,,,,,,,,,,,,,,,,,,,,,,,,,,,,,,,,,,,,,,,,,,,,,,,,,,,,,,,,,,,,,,,,,,,,,,,,,,,,,,,,,,,,,,,,,,,,,,,,,,,,,,,,,,,,,,,,,,,,BESTEST Case 250,workflow/BESTEST Case 250,Success
270 - South Solar Gains,8.49722,4.45833,20,,,7501,20,564,20,,25-NOV-12:45,6.85516,04-JAN-05:00,3.02534,"[""January 4January 4"", ""HeatingCooling"", 0.0, 0.0, 0.0, 0.0, 0.0, 0.0, 0.0, 0.0, 0.0, 0.0, 0.0, 0.0, 0.0, 0.0, 0.0, 0.0, 0.0, 0.0, 0.0, 0.0, 0.0, 0.0, 0.0, 0.0]",,,,,,"[""January 4"", 0.0, 0.0, 0.0, 0.0, 0.0, 0.0, 0.0, 0.0, 0.0, 0.0, 0.0, 0.0, 0.0, 0.0, 0.0, 0.0, 0.0, 0.0, 0.0, 0.0, 0.0, 0.0, 0.0, 0.0]","[""July 27"", 0.0, 0.0, 0.0, 0.0, 0.0, 0.0, 0.0, 0.0, 0.0, 0.0, 0.0, 0.0, 0.0, 0.0, 0.0, 0.0, 0.0, 0.0, 0.0, 0.0, 0.0, 0.0, 0.0, 0.0]","[0, 0, 0, 0, 0, 0, 0, 0, 0, 0, 0, 0, 0, 0, 0, 0, 0, 0, 0, 0, 0, 0, 0, 0, 0, 0, 0, 0, 0, 0, 0, 0, 0, 0, 0, 0, 0, 0, 0, 1518, 7242, 0, 0, 0, 0, 0, 0, 0, 0, 0, 0, 0, 0, 0, 0, 0, 0, 0, 0, 0, 0, 0, 0, 0, 0, 0, 0, 0, 0, 0, 0, 0, 0, 0, 0, 0, 0, 0, 0, 0, 0, 0, 0, 0, 0, 0, 0, 0, 0, 0, 0]",,,,,,,,,,,,,,,,,,,,,,,,,,,,,,,,,,,,,,,,,,,,,,,,,,,,,,,,,,,,,,,,,,,,,,,,,,,,,,,,,,,,,,,,,,,,,,,,,,,,,,,,,,,,,,,,,,,,,,,,,,,,,,,,,,,,,,,,,,,,,,,,,,,,,,,,BESTEST Case 270,workflow/BESTEST Case 270,Success
280 - Cavity Albedo,5.50278,4.65556,20,,,8180,20,780,20,,17-OCT-12:45,4.71506,04-JAN-05:00,3.0256,"[""January 4January 4"", ""HeatingCooling"", 0.0, 0.0, 0.0, 0.0, 0.0, 0.0, 0.0, 0.0, 0.0, 0.0, 0.0, 0.0, 0.0, 0.0, 0.0, 0.0, 0.0, 0.0, 0.0, 0.0, 0.0, 0.0, 0.0, 0.0]",,,,,,"[""January 4"", 0.0, 0.0, 0.0, 0.0, 0.0, 0.0, 0.0, 0.0, 0.0, 0.0, 0.0, 0.0, 0.0, 0.0, 0.0, 0.0, 0.0, 0.0, 0.0, 0.0, 0.0, 0.0, 0.0, 0.0]","[""July 27"", 0.0, 0.0, 0.0, 0.0, 0.0, 0.0, 0.0, 0.0, 0.0, 0.0, 0.0, 0.0, 0.0, 0.0, 0.0, 0.0, 0.0, 0.0, 0.0, 0.0, 0.0, 0.0, 0.0, 0.0]","[0, 0, 0, 0, 0, 0, 0, 0, 0, 0, 0, 0, 0, 0, 0, 0, 0, 0, 0, 0, 0, 0, 0, 0, 0, 0, 0, 0, 0, 0, 0, 0, 0, 0, 0, 0, 0, 0, 0, 1467, 7293, 0, 0, 0, 0, 0, 0, 0, 0, 0, 0, 0, 0, 0, 0, 0, 0, 0, 0, 0, 0, 0, 0, 0, 0, 0, 0, 0, 0, 0, 0, 0, 0, 0, 0, 0, 0, 0, 0, 0, 0, 0, 0, 0, 0, 0, 0, 0, 0, 0, 0]",,,,,,,,,,,,,,,,,,,,,,,,,,,,,,,,,,,,,,,,,,,,,,,,,,,,,,,,,,,,,,,,,,,,,,,,,,,,,,,,,,,,,,,,,,,,,,,,,,,,,,,,,,,,,,,,,,,,,,,,,,,,,,,,,,,,,,,,,,,,,,,,,,,,,,,,BESTEST Case 280,workflow/BESTEST Case 280,Success
290 - South Shading,6.39722,4.49167,20,,,8677,20,228,20,,23-DEC-12:45,6.71352,04-JAN-05:00,3.01483,"[""January 4January 4"", ""HeatingCooling"", 0.0, 0.0, 0.0, 0.0, 0.0, 0.0, 0.0, 0.0, 0.0, 0.0, 0.0, 0.0, 0.0, 0.0, 0.0, 0.0, 0.0, 0.0, 0.0, 0.0, 0.0, 0.0, 0.0, 0.0]",,,,,,"[""January 4"", 0.0, 0.0, 0.0, 0.0, 0.0, 0.0, 0.0, 0.0, 0.0, 0.0, 0.0, 0.0, 0.0, 0.0, 0.0, 0.0, 0.0, 0.0, 0.0, 0.0, 0.0, 0.0, 0.0, 0.0]","[""July 27"", 0.0, 0.0, 0.0, 0.0, 0.0, 0.0, 0.0, 0.0, 0.0, 0.0, 0.0, 0.0, 0.0, 0.0, 0.0, 0.0, 0.0, 0.0, 0.0, 0.0, 0.0, 0.0, 0.0, 0.0]","[0, 0, 0, 0, 0, 0, 0, 0, 0, 0, 0, 0, 0, 0, 0, 0, 0, 0, 0, 0, 0, 0, 0, 0, 0, 0, 0, 0, 0, 0, 0, 0, 0, 0, 0, 0, 0, 0, 0, 1554, 7206, 0, 0, 0, 0, 0, 0, 0, 0, 0, 0, 0, 0, 0, 0, 0, 0, 0, 0, 0, 0, 0, 0, 0, 0, 0, 0, 0, 0, 0, 0, 0, 0, 0, 0, 0, 0, 0, 0, 0, 0, 0, 0, 0, 0, 0, 0, 0, 0, 0, 0]",,,,,,,,,,,,,,,,,,,,,,,,,,,,,,,,,,,,,,,,,,,,,,,,,,,,,,,,,,,,,,,,,,,,,,,,,,,,,,,,,,,,,,,,,,,,,,,,,,,,,,,,,,,,,,,,,,,,,,,,,,,,,,,,,,,,,,,,,,,,,,,,,,,,,,,,BESTEST Case 290,workflow/BESTEST Case 290,Success
300 - East/West Window Orientation,5.46944,4.50278,20,,,7819,20,32,20,,02-JUL-09:15,3.90048,04-JAN-04:15,3.01551,"[""January 4January 4"", ""HeatingCooling"", 0.0, 0.0, 0.0, 0.0, 0.0, 0.0, 0.0, 0.0, 0.0, 0.0, 0.0, 0.0, 0.0, 0.0, 0.0, 0.0, 0.0, 0.0, 0.0, 0.0, 0.0, 0.0, 0.0, 0.0]",,,,,,"[""January 4"", 0.0, 0.0, 0.0, 0.0, 0.0, 0.0, 0.0, 0.0, 0.0, 0.0, 0.0, 0.0, 0.0, 0.0, 0.0, 0.0, 0.0, 0.0, 0.0, 0.0, 0.0, 0.0, 0.0, 0.0]","[""July 27"", 0.0, 0.0, 0.0, 0.0, 0.0, 0.0, 0.0, 0.0, 0.0, 0.0, 0.0, 0.0, 0.0, 0.0, 0.0, 0.0, 0.0, 0.0, 0.0, 0.0, 0.0, 0.0, 0.0, 0.0]","[0, 0, 0, 0, 0, 0, 0, 0, 0, 0, 0, 0, 0, 0, 0, 0, 0, 0, 0, 0, 0, 0, 0, 0, 0, 0, 0, 0, 0, 0, 0, 0, 0, 0, 0, 0, 0, 0, 0, 1458, 7302, 0, 0, 0, 0, 0, 0, 0, 0, 0, 0, 0, 0, 0, 0, 0, 0, 0, 0, 0, 0, 0, 0, 0, 0, 0, 0, 0, 0, 0, 0, 0, 0, 0, 0, 0, 0, 0, 0, 0, 0, 0, 0, 0, 0, 0, 0, 0, 0, 0, 0]",,,,,,,,,,,,,,,,,,,,,,,,,,,,,,,,,,,,,,,,,,,,,,,,,,,,,,,,,,,,,,,,,,,,,,,,,,,,,,,,,,,,,,,,,,,,,,,,,,,,,,,,,,,,,,,,,,,,,,,,,,,,,,,,,,,,,,,,,,,,,,,,,,,,,,,,BESTEST Case 300,workflow/BESTEST Case 300,Success
310 - East/West Shading,3.74167,4.78056,20,,,8190,20,7703,20,,26-JUL-17:00,3.26579,04-JAN-04:15,2.99516,"[""January 4January 4"", ""HeatingCooling"", 0.0, 0.0, 0.0, 0.0, 0.0, 0.0, 0.0, 0.0, 0.0, 0.0, 0.0, 0.0, 0.0, 0.0, 0.0, 0.0, 0.0, 0.0, 0.0, 0.0, 0.0, 0.0, 0.0, 0.0]",,,,,,"[""January 4"", 0.0, 0.0, 0.0, 0.0, 0.0, 0.0, 0.0, 0.0, 0.0, 0.0, 0.0, 0.0, 0.0, 0.0, 0.0, 0.0, 0.0, 0.0, 0.0, 0.0, 0.0, 0.0, 0.0, 0.0]","[""July 27"", 0.0, 0.0, 0.0, 0.0, 0.0, 0.0, 0.0, 0.0, 0.0, 0.0, 0.0, 0.0, 0.0, 0.0, 0.0, 0.0, 0.0, 0.0, 0.0, 0.0, 0.0, 0.0, 0.0, 0.0]","[0, 0, 0, 0, 0, 0, 0, 0, 0, 0, 0, 0, 0, 0, 0, 0, 0, 0, 0, 0, 0, 0, 0, 0, 0, 0, 0, 0, 0, 0, 0, 0, 0, 0, 0, 0, 0, 0, 0, 1351, 7409, 0, 0, 0, 0, 0, 0, 0, 0, 0, 0, 0, 0, 0, 0, 0, 0, 0, 0, 0, 0, 0, 0, 0, 0, 0, 0, 0, 0, 0, 0, 0, 0, 0, 0, 0, 0, 0, 0, 0, 0, 0, 0, 0, 0, 0, 0, 0, 0, 0, 0]",,,,,,,,,,,,,,,,,,,,,,,,,,,,,,,,,,,,,,,,,,,,,,,,,,,,,,,,,,,,,,,,,,,,,,,,,,,,,,,,,,,,,,,,,,,,,,,,,,,,,,,,,,,,,,,,,,,,,,,,,,,,,,,,,,,,,,,,,,,,,,,,,,,,,,,,BESTEST Case 310,workflow/BESTEST Case 310,Success
320 - Thermostat,5.81111,3.76389,23.0992,,,7141,27,1940,20,,25-NOV-12:45,6.18038,04-JAN-05:00,3.02448,"[""January 4January 4"", ""HeatingCooling"", 0.0, 0.0, 0.0, 0.0, 0.0, 0.0, 0.0, 0.0, 0.0, 0.0, 0.0, 0.0, 0.0, 0.0, 0.0, 0.0, 0.0, 0.0, 0.0, 0.0, 0.0, 0.0, 0.0, 0.0]",,,,,,"[""January 4"", 0.0, 0.0, 0.0, 0.0, 0.0, 0.0, 0.0, 0.0, 0.0, 0.0, 0.0, 0.0, 0.0, 0.0, 0.0, 0.0, 0.0, 0.0, 0.0, 0.0, 0.0, 0.0, 0.0, 0.0]","[""July 27"", 0.0, 0.0, 0.0, 0.0, 0.0, 0.0, 0.0, 0.0, 0.0, 0.0, 0.0, 0.0, 0.0, 0.0, 0.0, 0.0, 0.0, 0.0, 0.0, 0.0, 0.0, 0.0, 0.0, 0.0]","[0, 0, 0, 0, 0, 0, 0, 0, 0, 0, 0, 0, 0, 0, 0, 0, 0, 0, 0, 0, 0, 0, 0, 0, 0, 0, 0, 0, 0, 0, 0, 0, 0, 0, 0, 0, 0, 0, 0, 503, 3504, 409, 342, 323, 284, 338, 2058, 999, 0, 0, 0, 0, 0, 0, 0, 0, 0, 0, 0, 0, 0, 0, 0, 0, 0, 0, 0, 0, 0, 0, 0, 0, 0, 0, 0, 0, 0, 0, 0, 0, 0, 0, 0, 0, 0, 0, 0, 0, 0, 0, 0]",,,,,,,,,,,,,,,,,,,,,,,,,,,,,,,,,,,,,,,,,,,,,,,,,,,,,,,,,,,,,,,,,,,,,,,,,,,,,,,,,,,,,,,,,,,,,,,,,,,,,,,,,,,,,,,,,,,,,,,,,,,,,,,,,,,,,,,,,,,,,,,,,,,,,,,,BESTEST Case 320,workflow/BESTEST Case 320,Success
395 - Solid Conduction Test,0,4.98333,20.4548,,,4987,27,7853,20,,27-JUL-17:45,0.0735867,04-JAN-03:15,2.23335,"[""January 4January 4"", ""HeatingCooling"", 0.0, 0.0, 0.0, 0.0, 0.0, 0.0, 0.0, 0.0, 0.0, 0.0, 0.0, 0.0, 0.0, 0.0, 0.0, 0.0, 0.0, 0.0, 0.0, 0.0, 0.0, 0.0, 0.0, 0.0]",,,,,,"[""January 4"", 0.0, 0.0, 0.0, 0.0, 0.0, 0.0, 0.0, 0.0, 0.0, 0.0, 0.0, 0.0, 0.0, 0.0, 0.0, 0.0, 0.0, 0.0, 0.0, 0.0, 0.0, 0.0, 0.0, 0.0]","[""July 27"", 0.0, 0.0, 0.0, 0.0, 0.0, 0.0, 0.0, 0.0, 0.0, 0.0, 0.0, 0.0, 0.0, 0.0, 0.0, 0.0, 0.0, 0.0, 0.0, 0.0, 0.0, 0.0, 0.0, 0.0]","[0, 0, 0, 0, 0, 0, 0, 0, 0, 0, 0, 0, 0, 0, 0, 0, 0, 0, 0, 0, 0, 0, 0, 0, 0, 0, 0, 0, 0, 0, 0, 0, 0, 0, 0, 0, 0, 0, 0, 1333, 6192, 380, 326, 214, 166, 95, 50, 4, 0, 0, 0, 0, 0, 0, 0, 0, 0, 0, 0, 0, 0, 0, 0, 0, 0, 0, 0, 0, 0, 0, 0, 0, 0, 0, 0, 0, 0, 0, 0, 0, 0, 0, 0, 0, 0, 0, 0, 0, 0, 0, 0]",,,,,,,,,,,,,,,,,,,,,,,,,,,,,,,,,,,,,,,,,,,,,,,,,,,,,,,,,,,,,,,,,,,,,,,,,,,,,,,,,,,,,,,,,,,,,,,,,,,,,,,,,,,,,,,,,,,,,,,,,,,,,,,,,,,,,,,,,,,,,,,,,,,,,,,,BESTEST Case 395,workflow/BESTEST Case 395,Success
400 - Opaque Windows with Deadband,0.00555556,7.02778,20.5571,,,4386,27,7831,20,,27-JUL-17:15,0.254954,04-JAN-05:15,3.24644,"[""January 4January 4"", ""HeatingCooling"", 0.0, 0.0, 0.0, 0.0, 0.0, 0.0, 0.0, 0.0, 0.0, 0.0, 0.0, 0.0, 0.0, 0.0, 0.0, 0.0, 0.0, 0.0, 0.0, 0.0, 0.0, 0.0, 0.0, 0.0]",,,,,,"[""January 4"", 0.0, 0.0, 0.0, 0.0, 0.0, 0.0, 0.0, 0.0, 0.0, 0.0, 0.0, 0.0, 0.0, 0.0, 0.0, 0.0, 0.0, 0.0, 0.0, 0.0, 0.0, 0.0, 0.0, 0.0]","[""July 27"", 0.0, 0.0, 0.0, 0.0, 0.0, 0.0, 0.0, 0.0, 0.0, 0.0, 0.0, 0.0, 0.0, 0.0, 0.0, 0.0, 0.0, 0.0, 0.0, 0.0, 0.0, 0.0, 0.0, 0.0]","[0, 0, 0, 0, 0, 0, 0, 0, 0, 0, 0, 0, 0, 0, 0, 0, 0, 0, 0, 0, 0, 0, 0, 0, 0, 0, 0, 0, 0, 0, 0, 0, 0, 0, 0, 0, 0, 0, 0, 1125, 6311, 332, 291, 224, 168, 141, 150, 18, 0, 0, 0, 0, 0, 0, 0, 0, 0, 0, 0, 0, 0, 0, 0, 0, 0, 0, 0, 0, 0, 0, 0, 0, 0, 0, 0, 0, 0, 0, 0, 0, 0, 0, 0, 0, 0, 0, 0, 0, 0, 0, 0]",,,,,,,,,,,,,,,,,,,,,,,,,,,,,,,,,,,,,,,,,,,,,,,,,,,,,,,,,,,,,,,,,,,,,,,,,,,,,,,,,,,,,,,,,,,,,,,,,,,,,,,,,,,,,,,,,,,,,,,,,,,,,,,,,,,,,,,,,,,,,,,,,,,,,,,,BESTEST Case 400,workflow/BESTEST Case 400,Success
410 - Infiltration,0.0166667,8.91389,20.6081,,,4363,27,936,20,,26-JUL-17:30,0.395314,04-JAN-05:15,4.15668,"[""January 4January 4"", ""HeatingCooling"", 0.0, 0.0, 0.0, 0.0, 0.0, 0.0, 0.0, 0.0, 0.0, 0.0, 0.0, 0.0, 0.0, 0.0, 0.0, 0.0, 0.0, 0.0, 0.0, 0.0, 0.0, 0.0, 0.0, 0.0]",,,,,,"[""January 4"", 0.0, 0.0, 0.0, 0.0, 0.0, 0.0, 0.0, 0.0, 0.0, 0.0, 0.0, 0.0, 0.0, 0.0, 0.0, 0.0, 0.0, 0.0, 0.0, 0.0, 0.0, 0.0, 0.0, 0.0]","[""July 27"", 0.0, 0.0, 0.0, 0.0, 0.0, 0.0, 0.0, 0.0, 0.0, 0.0, 0.0, 0.0, 0.0, 0.0, 0.0, 0.0, 0.0, 0.0, 0.0, 0.0, 0.0, 0.0, 0.0, 0.0]","[0, 0, 0, 0, 0, 0, 0, 0, 0, 0, 0, 0, 0, 0, 0, 0, 0, 0, 0, 0, 0, 0, 0, 0, 0, 0, 0, 0, 0, 0, 0, 0, 0, 0, 0, 0, 0, 0, 0, 2027, 5359, 326, 267, 230, 172, 135, 208, 36, 0, 0, 0, 0, 0, 0, 0, 0, 0, 0, 0, 0, 0, 0, 0, 0, 0, 0, 0, 0, 0, 0, 0, 0, 0, 0, 0, 0, 0, 0, 0, 0, 0, 0, 0, 0, 0, 0, 0, 0, 0, 0, 0]",,,,,,,,,,,,,,,,,,,,,,,,,,,,,,,,,,,,,,,,,,,,,,,,,,,,,,,,,,,,,,,,,,,,,,,,,,,,,,,,,,,,,,,,,,,,,,,,,,,,,,,,,,,,,,,,,,,,,,,,,,,,,,,,,,,,,,,,,,,,,,,,,,,,,,,,BESTEST Case 410,workflow/BESTEST Case 410,Success
420 - Internal Gains,0.0666667,7.65833,20.9268,,,4575,27,66,20,,27-JUL-15:45,0.631713,04-JAN-05:15,3.97304,"[""January 4January 4"", ""HeatingCooling"", 0.0, 0.0, 0.0, 0.0, 0.0, 0.0, 0.0, 0.0, 0.0, 0.0, 0.0, 0.0, 0.0, 0.0, 0.0, 0.0, 0.0, 0.0, 0.0, 0.0, 0.0, 0.0, 0.0, 0.0]",,,,,,"[""January 4"", 0.0, 0.0, 0.0, 0.0, 0.0, 0.0, 0.0, 0.0, 0.0, 0.0, 0.0, 0.0, 0.0, 0.0, 0.0, 0.0, 0.0, 0.0, 0.0, 0.0, 0.0, 0.0, 0.0, 0.0]","[""July 27"", 0.0, 0.0, 0.0, 0.0, 0.0, 0.0, 0.0, 0.0, 0.0, 0.0, 0.0, 0.0, 0.0, 0.0, 0.0, 0.0, 0.0, 0.0, 0.0, 0.0, 0.0, 0.0, 0.0, 0.0]","[0, 0, 0, 0, 0, 0, 0, 0, 0, 0, 0, 0, 0, 0, 0, 0, 0, 0, 0, 0, 0, 0, 0, 0, 0, 0, 0, 0, 0, 0, 0, 0, 0, 0, 0, 0, 0, 0, 0, 1867, 4939, 402, 347, 272, 242, 221, 344, 126, 0, 0, 0, 0, 0, 0, 0, 0, 0, 0, 0, 0, 0, 0, 0, 0, 0, 0, 0, 0, 0, 0, 0, 0, 0, 0, 0, 0, 0, 0, 0, 0, 0, 0, 0, 0, 0, 0, 0, 0, 0, 0, 0]",,,,,,,,,,,,,,,,,,,,,,,,,,,,,,,,,,,,,,,,,,,,,,,,,,,,,,,,,,,,,,,,,,,,,,,,,,,,,,,,,,,,,,,,,,,,,,,,,,,,,,,,,,,,,,,,,,,,,,,,,,,,,,,,,,,,,,,,,,,,,,,,,,,,,,,,BESTEST Case 420,workflow/BESTEST Case 420,Success
430 - Exterior Shortwave Absorptance,0.65,6.03056,21.8543,,,5221,27,8118,20,,16-AUG-14:00,1.73026,04-JAN-05:15,3.97297,"[""January 4January 4"", ""HeatingCooling"", 0.0, 0.0, 0.0, 0.0, 0.0, 0.0, 0.0, 0.0, 0.0, 0.0, 0.0, 0.0, 0.0, 0.0, 0.0, 0.0, 0.0, 0.0, 0.0, 0.0, 0.0, 0.0, 0.0, 0.0]",,,,,,"[""January 4"", 0.0, 0.0, 0.0, 0.0, 0.0, 0.0, 0.0, 0.0, 0.0, 0.0, 0.0, 0.0, 0.0, 0.0, 0.0, 0.0, 0.0, 0.0, 0.0, 0.0, 0.0, 0.0, 0.0, 0.0]","[""July 27"", 0.0, 0.0, 0.0, 0.0, 0.0, 0.0, 0.0, 0.0, 0.0, 0.0, 0.0, 0.0, 0.0, 0.0, 0.0, 0.0, 0.0, 0.0, 0.0, 0.0, 0.0, 0.0, 0.0, 0.0]","[0, 0, 0, 0, 0, 0, 0, 0, 0, 0, 0, 0, 0, 0, 0, 0, 0, 0, 0, 0, 0, 0, 0, 0, 0, 0, 0, 0, 0, 0, 0, 0, 0, 0, 0, 0, 0, 0, 0, 1328, 4145, 441, 408, 367, 338, 324, 958, 451, 0, 0, 0, 0, 0, 0, 0, 0, 0, 0, 0, 0, 0, 0, 0, 0, 0, 0, 0, 0, 0, 0, 0, 0, 0, 0, 0, 0, 0, 0, 0, 0, 0, 0, 0, 0, 0, 0, 0, 0, 0, 0, 0]",,,,,,,,,,,,,,,,,,,,,,,,,,,,,,,,,,,,,,,,,,,,,,,,,,,,,,,,,,,,,,,,,,,,,,,,,,,,,,,,,,,,,,,,,,,,,,,,,,,,,,,,,,,,,,,,,,,,,,,,,,,,,,,,,,,,,,,,,,,,,,,,,,,,,,,,BESTEST Case 430,workflow/BESTEST Case 430,Success
440 - Cavity Albedo,4.25278,4.57222,23.0131,,,7548,27,79,20,,17-OCT-13:00,4.72044,04-JAN-05:00,3.7527,"[""January 4January 4"", ""HeatingCooling"", 0.0, 0.0, 0.0, 0.0, 0.0, 0.0, 0.0, 0.0, 0.0, 0.0, 0.0, 0.0, 0.0, 0.0, 0.0, 0.0, 0.0, 0.0, 0.0, 0.0, 0.0, 0.0, 0.0, 0.0]",,,,,,"[""January 4"", 0.0, 0.0, 0.0, 0.0, 0.0, 0.0, 0.0, 0.0, 0.0, 0.0, 0.0, 0.0, 0.0, 0.0, 0.0, 0.0, 0.0, 0.0, 0.0, 0.0, 0.0, 0.0, 0.0, 0.0]","[""July 27"", 0.0, 0.0, 0.0, 0.0, 0.0, 0.0, 0.0, 0.0, 0.0, 0.0, 0.0, 0.0, 0.0, 0.0, 0.0, 0.0, 0.0, 0.0, 0.0, 0.0, 0.0, 0.0, 0.0, 0.0]","[0, 0, 0, 0, 0, 0, 0, 0, 0, 0, 0, 0, 0, 0, 0, 0, 0, 0, 0, 0, 0, 0, 0, 0, 0, 0, 0, 0, 0, 0, 0, 0, 0, 0, 0, 0, 0, 0, 0, 950, 3165, 379, 336, 329, 354, 308, 2000, 939, 0, 0, 0, 0, 0, 0, 0, 0, 0, 0, 0, 0, 0, 0, 0, 0, 0, 0, 0, 0, 0, 0, 0, 0, 0, 0, 0, 0, 0, 0, 0, 0, 0, 0, 0, 0, 0, 0, 0, 0, 0, 0, 0]",,,,,,,,,,,,,,,,,,,,,,,,,,,,,,,,,,,,,,,,,,,,,,,,,,,,,,,,,,,,,,,,,,,,,,,,,,,,,,,,,,,,,,,,,,,,,,,,,,,,,,,,,,,,,,,,,,,,,,,,,,,,,,,,,,,,,,,,,,,,,,,,,,,,,,,,BESTEST Case 440,workflow/BESTEST Case 440,Success
600 - Base Case,6.74722,4.38056,23.203,1185.89,1840.93,6853,27,48,20,432.571,17-OCT-13:00,6.56962,04-JAN-05:00,3.75183,"[""January 4January 4"", ""HeatingCooling"", 0.0, 0.0, 0.0, 0.0, 0.0, 0.0, 0.0, 0.0, 0.0, 0.0, 0.0, 0.0, 0.0, 0.0, 0.0, 0.0, 0.0, 0.0, 0.0, 0.0, 0.0, 0.0, 0.0, 0.0]",1547.51,"[""March 5"", ""ZONE SURFACE SOUTH"", 0.0, 0.0, 0.0, 0.0, 0.0, 0.0, 0.0, 0.0, 0.0, 0.0, 0.0, 0.0, 0.0, 0.0, 0.0, 0.0, 0.0, 0.0, 0.0, 0.0, 0.0, 0.0, 0.0, 0.0]","[""March 5"", ""ZONE SURFACE WEST"", 0.0, 0.0, 0.0, 0.0, 0.0, 0.0, 0.0, 0.0, 0.0, 0.0, 0.0, 0.0, 0.0, 0.0, 0.0, 0.0, 0.0, 0.0, 0.0, 0.0, 0.0, 0.0, 0.0, 0.0]","[""July 22"", ""ZONE SURFACE SOUTH"", 0.0, 0.0, 0.0, 0.0, 0.0, 0.0, 0.0, 0.0, 0.0, 0.0, 0.0, 0.0, 0.0, 0.0, 0.0, 0.0, 0.0, 0.0, 0.0, 0.0, 0.0, 0.0, 0.0, 0.0]","[""July 22"", ""ZONE SURFACE WEST"", 0.0, 0.0, 0.0, 0.0, 0.0, 0.0, 0.0, 0.0, 0.0, 0.0, 0.0, 0.0, 0.0, 0.0, 0.0, 0.0, 0.0, 0.0, 0.0, 0.0, 0.0, 0.0, 0.0, 0.0]","[""January 4"", 0.0, 0.0, 0.0, 0.0, 0.0, 0.0, 0.0, 0.0, 0.0, 0.0, 0.0, 0.0, 0.0, 0.0, 0.0, 0.0, 0.0, 0.0, 0.0, 0.0, 0.0, 0.0, 0.0, 0.0]","[""July 27"", 0.0, 0.0, 0.0, 0.0, 0.0, 0.0, 0.0, 0.0, 0.0, 0.0, 0.0, 0.0, 0.0, 0.0, 0.0, 0.0, 0.0, 0.0, 0.0, 0.0, 0.0, 0.0, 0.0, 0.0]","[0, 0, 0, 0, 0, 0, 0, 0, 0, 0, 0, 0, 0, 0, 0, 0, 0, 0, 0, 0, 0, 0, 0, 0, 0, 0, 0, 0, 0, 0, 0, 0, 0, 0, 0, 0, 0, 0, 0, 913, 3017, 346, 334, 309, 310, 350, 2101, 1080, 0, 0, 0, 0, 0, 0, 0, 0, 0, 0, 0, 0, 0, 0, 0, 0, 0, 0, 0, 0, 0, 0, 0, 0, 0, 0, 0, 0, 0, 0, 0, 0, 0, 0, 0, 0, 0, 0, 0, 0, 0, 0, 0]",1040.74,981.712,,,,,,,,,,,,,,,,,,,,,,,,,,,,,,,,,,,,,,,,,,,,,,,,,,,,,,,,,,,,,,,,,,,,,,,,,,,,,,,,,,,,,,,,,,,,,,,,,,,,,,,,,,,,,,,,,,,,,,,,,,,,,,,,,,,,,,,,,,,,,,,,,,,,,,BESTEST Case 600,workflow/BESTEST Case 600,Success
600FF,0,0,25.81,,,6951,65.2885,79,-17.4102,,,,,,,,,,,,"[""January 4"", 0.0, 0.0, 0.0, 0.0, 0.0, 0.0, 0.0, 0.0, 0.0, 0.0, 0.0, 0.0, 0.0, 0.0, 0.0, 0.0, 0.0, 0.0, 0.0, 0.0, 0.0, 0.0, 0.0, 0.0]","[""July 27"", 0.0, 0.0, 0.0, 0.0, 0.0, 0.0, 0.0, 0.0, 0.0, 0.0, 0.0, 0.0, 0.0, 0.0, 0.0, 0.0, 0.0, 0.0, 0.0, 0.0, 0.0, 0.0, 0.0, 0.0]","[0, 0, 2, 7, 6, 10, 6, 9, 4, 8, 6, 14, 14, 19, 14, 21, 25, 24, 31, 58, 62, 72, 70, 75, 106, 115, 113, 149, 142, 167, 143, 167, 175, 169, 173, 172, 177, 192, 218, 239, 204, 232, 231, 241, 241, 207, 235, 219, 204, 193, 206, 185, 183, 165, 180, 180, 181, 161, 153, 148, 158, 128, 131, 126, 123, 111, 110, 91, 73, 85, 69, 66, 67, 61, 45, 56, 37, 30, 30, 14, 7, 10, 4, 1, 1, 3, 0, 0, 0, 0, 0]",,,,,,,,,,,,,,,,,,,,,,,,,,,,,,,,,,,,,,,,,,,,,,,,,,,,,,,,,,,,,,,,,,,,,,,,,,,,,,,,,,,,,,,,,,,,,,,,,,,,,,,,,,,,,,,,,,,,,,,,,,,,,,,,,,,,,,,,,,,,,,,,,,,,,,,,BESTEST Case 600FF,workflow/BESTEST Case 600FF,Success
610 - South Shading,4.75278,4.425,23.0913,,,564,27,923,20,,23-DEC-13:00,6.16967,04-JAN-05:00,3.74136,"[""January 4January 4"", ""HeatingCooling"", 0.0, 0.0, 0.0, 0.0, 0.0, 0.0, 0.0, 0.0, 0.0, 0.0, 0.0, 0.0, 0.0, 0.0, 0.0, 0.0, 0.0, 0.0, 0.0, 0.0, 0.0, 0.0, 0.0, 0.0]",,,,,,"[""January 4"", 0.0, 0.0, 0.0, 0.0, 0.0, 0.0, 0.0, 0.0, 0.0, 0.0, 0.0, 0.0, 0.0, 0.0, 0.0, 0.0, 0.0, 0.0, 0.0, 0.0, 0.0, 0.0, 0.0, 0.0]","[""July 27"", 0.0, 0.0, 0.0, 0.0, 0.0, 0.0, 0.0, 0.0, 0.0, 0.0, 0.0, 0.0, 0.0, 0.0, 0.0, 0.0, 0.0, 0.0, 0.0, 0.0, 0.0, 0.0, 0.0, 0.0]","[0, 0, 0, 0, 0, 0, 0, 0, 0, 0, 0, 0, 0, 0, 0, 0, 0, 0, 0, 0, 0, 0, 0, 0, 0, 0, 0, 0, 0, 0, 0, 0, 0, 0, 0, 0, 0, 0, 0, 903, 3115, 362, 336, 360, 325, 356, 1995, 1008, 0, 0, 0, 0, 0, 0, 0, 0, 0, 0, 0, 0, 0, 0, 0, 0, 0, 0, 0, 0, 0, 0, 0, 0, 0, 0, 0, 0, 0, 0, 0, 0, 0, 0, 0, 0, 0, 0, 0, 0, 0, 0, 0]",,,,,,,,,,,,,,,,,,,,,,,,,,,,,,,,,,,,,,,,,,,,,,,,,,,,,,,,,,,,,,,,,,,,,,,,,,,,,,,,,,,,,,,,,,,,,,,,,,,,,,,,,,,,,,,,,,,,,,,,,,,,,,,,,,,,,,,,,,,,,,,,,,,,,,,,BESTEST Case 610,workflow/BESTEST Case 610,Success
620 - East/West Window Orientation,4.17222,4.55278,23.0346,,,4816,27,8687,20,,26-JUL-10:00,3.92329,04-JAN-04:15,3.74267,"[""January 4January 4"", ""HeatingCooling"", 0.0, 0.0, 0.0, 0.0, 0.0, 0.0, 0.0, 0.0, 0.0, 0.0, 0.0, 0.0, 0.0, 0.0, 0.0, 0.0, 0.0, 0.0, 0.0, 0.0, 0.0, 0.0, 0.0, 0.0]",,,,,,"[""January 4"", 0.0, 0.0, 0.0, 0.0, 0.0, 0.0, 0.0, 0.0, 0.0, 0.0, 0.0, 0.0, 0.0, 0.0, 0.0, 0.0, 0.0, 0.0, 0.0, 0.0, 0.0, 0.0, 0.0, 0.0]","[""July 27"", 0.0, 0.0, 0.0, 0.0, 0.0, 0.0, 0.0, 0.0, 0.0, 0.0, 0.0, 0.0, 0.0, 0.0, 0.0, 0.0, 0.0, 0.0, 0.0, 0.0, 0.0, 0.0, 0.0, 0.0]","[0, 0, 0, 0, 0, 0, 0, 0, 0, 0, 0, 0, 0, 0, 0, 0, 0, 0, 0, 0, 0, 0, 0, 0, 0, 0, 0, 0, 0, 0, 0, 0, 0, 0, 0, 0, 0, 0, 0, 938, 3113, 390, 355, 369, 341, 344, 1786, 1124, 0, 0, 0, 0, 0, 0, 0, 0, 0, 0, 0, 0, 0, 0, 0, 0, 0, 0, 0, 0, 0, 0, 0, 0, 0, 0, 0, 0, 0, 0, 0, 0, 0, 0, 0, 0, 0, 0, 0, 0, 0, 0, 0]",,723.572,,,,,,,,,,,,,,,,,,,,,,,,,,,,,,,,,,,,,,,,,,,,,,,,,,,,,,,,,,,,,,,,,,,,,,,,,,,,,,,,,,,,,,,,,,,,,,,,,,,,,,,,,,,,,,,,,,,,,,,,,,,,,,,,,,,,,,,,,,,,,,,,,,,,,,BESTEST Case 620,workflow/BESTEST Case 620,Success
630 - East/West Shading,2.78333,4.88333,22.6786,,,4983,27,8206,20,,26-JUL-16:45,3.37891,04-JAN-04:15,3.72232,"[""January 4January 4"", ""HeatingCooling"", 0.0, 0.0, 0.0, 0.0, 0.0, 0.0, 0.0, 0.0, 0.0, 0.0, 0.0, 0.0, 0.0, 0.0, 0.0, 0.0, 0.0, 0.0, 0.0, 0.0, 0.0, 0.0, 0.0, 0.0]",,,,,,"[""January 4"", 0.0, 0.0, 0.0, 0.0, 0.0, 0.0, 0.0, 0.0, 0.0, 0.0, 0.0, 0.0, 0.0, 0.0, 0.0, 0.0, 0.0, 0.0, 0.0, 0.0, 0.0, 0.0, 0.0, 0.0]","[""July 27"", 0.0, 0.0, 0.0, 0.0, 0.0, 0.0, 0.0, 0.0, 0.0, 0.0, 0.0, 0.0, 0.0, 0.0, 0.0, 0.0, 0.0, 0.0, 0.0, 0.0, 0.0, 0.0, 0.0, 0.0]","[0, 0, 0, 0, 0, 0, 0, 0, 0, 0, 0, 0, 0, 0, 0, 0, 0, 0, 0, 0, 0, 0, 0, 0, 0, 0, 0, 0, 0, 0, 0, 0, 0, 0, 0, 0, 0, 0, 0, 1106, 3398, 384, 385, 359, 316, 322, 1490, 1000, 0, 0, 0, 0, 0, 0, 0, 0, 0, 0, 0, 0, 0, 0, 0, 0, 0, 0, 0, 0, 0, 0, 0, 0, 0, 0, 0, 0, 0, 0, 0, 0, 0, 0, 0, 0, 0, 0, 0, 0, 0, 0, 0]",,,,,,,,,,,,,,,,,,,,,,,,,,,,,,,,,,,,,,,,,,,,,,,,,,,,,,,,,,,,,,,,,,,,,,,,,,,,,,,,,,,,,,,,,,,,,,,,,,,,,,,,,,,,,,,,,,,,,,,,,,,,,,,,,,,,,,,,,,,,,,,,,,,,,,,,BESTEST Case 630,workflow/BESTEST Case 630,Success
640 - Thermostat Setback,6.46111,2.68611,21.3407,,,7117,27,51,10,,17-OCT-13:00,6.50558,04-JAN-07:15,6.28689,"[""January 4January 4"", ""HeatingCooling"", 0.0, 0.0, 0.0, 0.0, 0.0, 0.0, 0.0, 0.0, 0.0, 0.0, 0.0, 0.0, 0.0, 0.0, 0.0, 0.0, 0.0, 0.0, 0.0, 0.0, 0.0, 0.0, 0.0, 0.0]",,,,,,"[""January 4"", 0.0, 0.0, 0.0, 0.0, 0.0, 0.0, 0.0, 0.0, 0.0, 0.0, 0.0, 0.0, 0.0, 0.0, 0.0, 0.0, 0.0, 0.0, 0.0, 0.0, 0.0, 0.0, 0.0, 0.0]","[""July 27"", 0.0, 0.0, 0.0, 0.0, 0.0, 0.0, 0.0, 0.0, 0.0, 0.0, 0.0, 0.0, 0.0, 0.0, 0.0, 0.0, 0.0, 0.0, 0.0, 0.0, 0.0, 0.0, 0.0, 0.0]","[0, 0, 0, 0, 0, 0, 0, 0, 0, 0, 0, 0, 0, 0, 0, 0, 0, 0, 0, 0, 0, 0, 0, 0, 0, 0, 0, 0, 0, 36, 930, 164, 136, 141, 144, 156, 159, 151, 140, 364, 1531, 311, 339, 316, 322, 332, 2110, 978, 0, 0, 0, 0, 0, 0, 0, 0, 0, 0, 0, 0, 0, 0, 0, 0, 0, 0, 0, 0, 0, 0, 0, 0, 0, 0, 0, 0, 0, 0, 0, 0, 0, 0, 0, 0, 0, 0, 0, 0, 0, 0, 0]",,,,,,,,,,,,,,,,,,,,,,,,,,,,,,,,,,,,,,,,,,,,,,,,,,,,,,,,,,,,,,,,,,,,,,,,,,,,,,,,,,,,,,,,,,,,,,,,,,,,,,,,,,,,,,,,,,,,,,,,,,,,,,,,,,,,,,,,,,,,,,,,,,,,,,,,BESTEST Case 640,workflow/BESTEST Case 640,Success
650 - Night Ventilation,5.78333,0,14.4792,,,4362,31.8141,78,-23.0391,,17-OCT-13:00,6.43022,01-JAN-00:15,0,"[""January 4January 4"", ""HeatingCooling"", 0.0, 0.0, 0.0, 0.0, 0.0, 0.0, 0.0, 0.0, 0.0, 0.0, 0.0, 0.0, 0.0, 0.0, 0.0, 0.0, 0.0, 0.0, 0.0, 0.0, 0.0, 0.0, 0.0, 0.0]",,,,,,"[""January 4"", 0.0, 0.0, 0.0, 0.0, 0.0, 0.0, 0.0, 0.0, 0.0, 0.0, 0.0, 0.0, 0.0, 0.0, 0.0, 0.0, 0.0, 0.0, 0.0, 0.0, 0.0, 0.0, 0.0, 0.0]","[""July 27"", 0.0, 0.0, 0.0, 0.0, 0.0, 0.0, 0.0, 0.0, 0.0, 0.0, 0.0, 0.0, 0.0, 0.0, 0.0, 0.0, 0.0, 0.0, 0.0, 0.0, 0.0, 0.0, 0.0, 0.0]","[7, 13, 13, 13, 11, 7, 7, 8, 14, 36, 42, 51, 69, 74, 93, 79, 129, 165, 149, 195, 191, 198, 207, 183, 198, 183, 201, 198, 184, 191, 167, 194, 212, 220, 211, 246, 196, 225, 221, 202, 173, 176, 165, 145, 150, 164, 498, 2032, 22, 7, 6, 2, 0, 0, 0, 0, 0, 0, 0, 0, 0, 0, 0, 0, 0, 0, 0, 0, 0, 0, 0, 0, 0, 0, 0, 0, 0, 0, 0, 0, 0, 0, 0, 0, 0, 0, 0, 0, 0, 0, 0]",,,,,,,,,,,,,,,,,,,,,,,,,,,,,,,,,,,,,,,,,,,,,,,,,,,,,,,,,,,,,,,,,,,,,,,,,,,,,,,,,,,,,,,,,,,,,,,,,,,,,,,,,,,,,,,,,,,,,,,,,,,,,,,,,,,,,,,,,,,,,,,,,,,,,,,,BESTEST Case 650,workflow/BESTEST Case 650,Success
650FF,0,0,19.7749,,,6951,68.6626,78,-23.0391,,,,,,,,,,,,"[""January 4"", 0.0, 0.0, 0.0, 0.0, 0.0, 0.0, 0.0, 0.0, 0.0, 0.0, 0.0, 0.0, 0.0, 0.0, 0.0, 0.0, 0.0, 0.0, 0.0, 0.0, 0.0, 0.0, 0.0, 0.0]","[""July 27"", 0.0, 0.0, 0.0, 0.0, 0.0, 0.0, 0.0, 0.0, 0.0, 0.0, 0.0, 0.0, 0.0, 0.0, 0.0, 0.0, 0.0, 0.0, 0.0, 0.0, 0.0, 0.0, 0.0, 0.0]","[7, 13, 13, 13, 11, 6, 8, 8, 11, 35, 40, 52, 65, 72, 89, 83, 115, 158, 147, 187, 184, 192, 183, 174, 186, 187, 178, 196, 170, 173, 178, 192, 199, 208, 214, 224, 204, 216, 225, 204, 168, 172, 159, 134, 123, 142, 107, 114, 85, 106, 81, 83, 85, 88, 103, 90, 95, 93, 89, 76, 86, 92, 95, 90, 87, 89, 78, 87, 81, 72, 85, 55, 69, 43, 68, 60, 48, 53, 52, 43, 25, 21, 27, 7, 7, 3, 4, 1, 2, 0, 0]",,,,,,,,,,,,,,,,,,,,,,,,,,,,,,,,,,,,,,,,,,,,,,,,,,,,,,,,,,,,,,,,,,,,,,,,,,,,,,,,,,,,,,,,,,,,,,,,,,,,,,,,,,,,,,,,,,,,,,,,,,,,,,,,,,,,,,,,,,,,,,,,,,,,,,,,BESTEST Case 650FF,workflow/BESTEST Case 650FF,Success
800 - High-Mass without Solar Gains,0.205556,5.36944,21.6501,,,5459,27,648,20,,28-JUL-14:00,0.851583,04-JAN-07:15,3.78876,"[""January 4January 4"", ""HeatingCooling"", 0.0, 0.0, 0.0, 0.0, 0.0, 0.0, 0.0, 0.0, 0.0, 0.0, 0.0, 0.0, 0.0, 0.0, 0.0, 0.0, 0.0, 0.0, 0.0, 0.0, 0.0, 0.0, 0.0, 0.0]",,,,,,"[""January 4"", 0.0, 0.0, 0.0, 0.0, 0.0, 0.0, 0.0, 0.0, 0.0, 0.0, 0.0, 0.0, 0.0, 0.0, 0.0, 0.0, 0.0, 0.0, 0.0, 0.0, 0.0, 0.0, 0.0, 0.0]","[""July 27"", 0.0, 0.0, 0.0, 0.0, 0.0, 0.0, 0.0, 0.0, 0.0, 0.0, 0.0, 0.0, 0.0, 0.0, 0.0, 0.0, 0.0, 0.0, 0.0, 0.0, 0.0, 0.0, 0.0, 0.0]","[0, 0, 0, 0, 0, 0, 0, 0, 0, 0, 0, 0, 0, 0, 0, 0, 0, 0, 0, 0, 0, 0, 0, 0, 0, 0, 0, 0, 0, 0, 0, 0, 0, 0, 0, 0, 0, 0, 0, 1512, 4113, 476, 408, 417, 421, 398, 672, 343, 0, 0, 0, 0, 0, 0, 0, 0, 0, 0, 0, 0, 0, 0, 0, 0, 0, 0, 0, 0, 0, 0, 0, 0, 0, 0, 0, 0, 0, 0, 0, 0, 0, 0, 0, 0, 0, 0, 0, 0, 0, 0, 0]",,,,,,,,,,,,,,,,,,,,,,,,,,,,,,,,,,,,,,,,,,,,,,,,,,,,,,,,,,,,,,,,,,,,,,,,,,,,,,,,,,,,,,,,,,,,,,,,,,,,,,,,,,,,,,,,,,,,,,,,,,,,,,,,,,,,,,,,,,,,,,,,,,,,,,,,BESTEST Case 800,workflow/BESTEST Case 800,Success
810 - High-Mass Cavity Albedo,1.20556,1.97222,23.4695,,,5704,27,2230,20,,02-SEP-14:00,2.11419,04-JAN-07:15,3.32288,"[""January 4January 4"", ""HeatingCooling"", 0.0, 0.0, 0.0, 0.0, 0.0, 0.0, 0.0, 0.0, 0.0, 0.0, 0.0, 0.0, 0.0, 0.0, 0.0, 0.0, 0.0, 0.0, 0.0, 0.0, 0.0, 0.0, 0.0, 0.0]",,,,,,"[""January 4"", 0.0, 0.0, 0.0, 0.0, 0.0, 0.0, 0.0, 0.0, 0.0, 0.0, 0.0, 0.0, 0.0, 0.0, 0.0, 0.0, 0.0, 0.0, 0.0, 0.0, 0.0, 0.0, 0.0, 0.0]","[""July 27"", 0.0, 0.0, 0.0, 0.0, 0.0, 0.0, 0.0, 0.0, 0.0, 0.0, 0.0, 0.0, 0.0, 0.0, 0.0, 0.0, 0.0, 0.0, 0.0, 0.0, 0.0, 0.0, 0.0, 0.0]","[0, 0, 0, 0, 0, 0, 0, 0, 0, 0, 0, 0, 0, 0, 0, 0, 0, 0, 0, 0, 0, 0, 0, 0, 0, 0, 0, 0, 0, 0, 0, 0, 0, 0, 0, 0, 0, 0, 0, 597, 2389, 493, 572, 582, 645, 673, 1742, 1067, 0, 0, 0, 0, 0, 0, 0, 0, 0, 0, 0, 0, 0, 0, 0, 0, 0, 0, 0, 0, 0, 0, 0, 0, 0, 0, 0, 0, 0, 0, 0, 0, 0, 0, 0, 0, 0, 0, 0, 0, 0, 0, 0]",,,,,,,,,,,,,,,,,,,,,,,,,,,,,,,,,,,,,,,,,,,,,,,,,,,,,,,,,,,,,,,,,,,,,,,,,,,,,,,,,,,,,,,,,,,,,,,,,,,,,,,,,,,,,,,,,,,,,,,,,,,,,,,,,,,,,,,,,,,,,,,,,,,,,,,,BESTEST Case 810,workflow/BESTEST Case 810,Success
900 - High-Mass Base Case,2.51111,1.22222,24.3299,,,6951,27,857,20,,17-OCT-14:15,3.25415,04-JAN-07:15,3.17432,"[""January 4January 4"", ""HeatingCooling"", 0.0, 0.0, 0.0, 0.0, 0.0, 0.0, 0.0, 0.0, 0.0, 0.0, 0.0, 0.0, 0.0, 0.0, 0.0, 0.0, 0.0, 0.0, 0.0, 0.0, 0.0, 0.0, 0.0, 0.0]",,,,,,"[""January 4"", 0.0, 0.0, 0.0, 0.0, 0.0, 0.0, 0.0, 0.0, 0.0, 0.0, 0.0, 0.0, 0.0, 0.0, 0.0, 0.0, 0.0, 0.0, 0.0, 0.0, 0.0, 0.0, 0.0, 0.0]","[""July 27"", 0.0, 0.0, 0.0, 0.0, 0.0, 0.0, 0.0, 0.0, 0.0, 0.0, 0.0, 0.0, 0.0, 0.0, 0.0, 0.0, 0.0, 0.0, 0.0, 0.0, 0.0, 0.0, 0.0, 0.0]","[0, 0, 0, 0, 0, 0, 0, 0, 0, 0, 0, 0, 0, 0, 0, 0, 0, 0, 0, 0, 0, 0, 0, 0, 0, 0, 0, 0, 0, 0, 0, 0, 0, 0, 0, 0, 0, 0, 0, 329, 1648, 450, 504, 558, 629, 726, 2356, 1560, 0, 0, 0, 0, 0, 0, 0, 0, 0, 0, 0, 0, 0, 0, 0, 0, 0, 0, 0, 0, 0, 0, 0, 0, 0, 0, 0, 0, 0, 0, 0, 0, 0, 0, 0, 0, 0, 0, 0, 0, 0, 0, 0]",,981.712,,,,,,,,,,,,,,,,,,,,,,,,,,,,,,,,,,,,,,,,,,,,,,,,,,,,,,,,,,,,,,,,,,,,,,,,,,,,,,,,,,,,,,,,,,,,,,,,,,,,,,,,,,,,,,,,,,,,,,,,,,,,,,,,,,,,,,,,,,,,,,,,,,,,,,BESTEST Case 900,workflow/BESTEST Case 900,Success
900FF,0,0,26.0064,,,5870,43.1637,79,-2.59595,,,,,,,,,,,,"[""January 4"", 0.0, 0.0, 0.0, 0.0, 0.0, 0.0, 0.0, 0.0, 0.0, 0.0, 0.0, 0.0, 0.0, 0.0, 0.0, 0.0, 0.0, 0.0, 0.0, 0.0, 0.0, 0.0, 0.0, 0.0]","[""July 27"", 0.0, 0.0, 0.0, 0.0, 0.0, 0.0, 0.0, 0.0, 0.0, 0.0, 0.0, 0.0, 0.0, 0.0, 0.0, 0.0, 0.0, 0.0, 0.0, 0.0, 0.0, 0.0, 0.0, 0.0]","[0, 0, 0, 0, 0, 0, 0, 0, 0, 0, 0, 0, 0, 0, 0, 0, 0, 2, 5, 5, 8, 14, 14, 19, 16, 20, 23, 31, 30, 46, 51, 62, 99, 118, 141, 164, 184, 232, 268, 322, 330, 371, 384, 397, 368, 416, 402, 472, 435, 440, 446, 407, 358, 336, 318, 250, 199, 188, 132, 106, 73, 40, 15, 3, 0, 0, 0, 0, 0, 0, 0, 0, 0, 0, 0, 0, 0, 0, 0, 0, 0, 0, 0, 0, 0, 0, 0, 0, 0, 0, 0]",,,,,,,,,,,,,,,,,,,,,,,,,,,,,,,,,,,,,,,,,,,,,,,,,,,,,,,,,,,,,,,,,,,,,,,,,,,,,,,,,,,,,,,,,,,,,,,,,,,,,,,,,,,,,,,,,,,,,,,,,,,,,,,,,,,,,,,,,,,,,,,,,,,,,,,,BESTEST Case 900FF,workflow/BESTEST Case 900FF,Success
910 - High-Mass South Shading,1.23611,1.50556,23.7065,,,6423,27,467,20,,17-OCT-14:30,2.57704,04-JAN-07:15,3.17407,"[""January 4January 4"", ""HeatingCooling"", 0.0, 0.0, 0.0, 0.0, 0.0, 0.0, 0.0, 0.0, 0.0, 0.0, 0.0, 0.0, 0.0, 0.0, 0.0, 0.0, 0.0, 0.0, 0.0, 0.0, 0.0, 0.0, 0.0, 0.0]",,,,,,"[""January 4"", 0.0, 0.0, 0.0, 0.0, 0.0, 0.0, 0.0, 0.0, 0.0, 0.0, 0.0, 0.0, 0.0, 0.0, 0.0, 0.0, 0.0, 0.0, 0.0, 0.0, 0.0, 0.0, 0.0, 0.0]","[""July 27"", 0.0, 0.0, 0.0, 0.0, 0.0, 0.0, 0.0, 0.0, 0.0, 0.0, 0.0, 0.0, 0.0, 0.0, 0.0, 0.0, 0.0, 0.0, 0.0, 0.0, 0.0, 0.0, 0.0, 0.0]","[0, 0, 0, 0, 0, 0, 0, 0, 0, 0, 0, 0, 0, 0, 0, 0, 0, 0, 0, 0, 0, 0, 0, 0, 0, 0, 0, 0, 0, 0, 0, 0, 0, 0, 0, 0, 0, 0, 0, 478, 2086, 537, 595, 651, 704, 737, 1915, 1057, 0, 0, 0, 0, 0, 0, 0, 0, 0, 0, 0, 0, 0, 0, 0, 0, 0, 0, 0, 0, 0, 0, 0, 0, 0, 0, 0, 0, 0, 0, 0, 0, 0, 0, 0, 0, 0, 0, 0, 0, 0, 0, 0]",,789.131,,,,,,,,,,,,,,,,,,,,,,,,,,,,,,,,,,,,,,,,,,,,,,,,,,,,,,,,,,,,,,,,,,,,,,,,,,,,,,,,,,,,,,,,,,,,,,,,,,,,,,,,,,,,,,,,,,,,,,,,,,,,,,,,,,,,,,,,,,,,,,,,,,,,,,BESTEST Case 910,workflow/BESTEST Case 910,Success
920 - High-Mass East/West Window Orientation,2.55,3.19444,23.339,,,4312,27,8406,20,,26-JUL-17:00,2.7811,04-JAN-07:15,3.48438,"[""January 4January 4"", ""HeatingCooling"", 0.0, 0.0, 0.0, 0.0, 0.0, 0.0, 0.0, 0.0, 0.0, 0.0, 0.0, 0.0, 0.0, 0.0, 0.0, 0.0, 0.0, 0.0, 0.0, 0.0, 0.0, 0.0, 0.0, 0.0]",,,,,,"[""January 4"", 0.0, 0.0, 0.0, 0.0, 0.0, 0.0, 0.0, 0.0, 0.0, 0.0, 0.0, 0.0, 0.0, 0.0, 0.0, 0.0, 0.0, 0.0, 0.0, 0.0, 0.0, 0.0, 0.0, 0.0]","[""July 27"", 0.0, 0.0, 0.0, 0.0, 0.0, 0.0, 0.0, 0.0, 0.0, 0.0, 0.0, 0.0, 0.0, 0.0, 0.0, 0.0, 0.0, 0.0, 0.0, 0.0, 0.0, 0.0, 0.0, 0.0]","[0, 0, 0, 0, 0, 0, 0, 0, 0, 0, 0, 0, 0, 0, 0, 0, 0, 0, 0, 0, 0, 0, 0, 0, 0, 0, 0, 0, 0, 0, 0, 0, 0, 0, 0, 0, 0, 0, 0, 866, 2889, 317, 290, 317, 350, 448, 1723, 1560, 0, 0, 0, 0, 0, 0, 0, 0, 0, 0, 0, 0, 0, 0, 0, 0, 0, 0, 0, 0, 0, 0, 0, 0, 0, 0, 0, 0, 0, 0, 0, 0, 0, 0, 0, 0, 0, 0, 0, 0, 0, 0, 0]",,723.572,,,,,,,,,,,,,,,,,,,,,,,,,,,,,,,,,,,,,,,,,,,,,,,,,,,,,,,,,,,,,,,,,,,,,,,,,,,,,,,,,,,,,,,,,,,,,,,,,,,,,,,,,,,,,,,,,,,,,,,,,,,,,,,,,,,,,,,,,,,,,,,,,,,,,,BESTEST Case 920,workflow/BESTEST Case 920,Success
930 - High-Mass East/West Shading,1.63889,3.90833,22.9116,,,5776,27,78,20,,26-JUL-17:00,2.27791,04-JAN-07:15,3.5076,"[""January 4January 4"", ""HeatingCooling"", 0.0, 0.0, 0.0, 0.0, 0.0, 0.0, 0.0, 0.0, 0.0, 0.0, 0.0, 0.0, 0.0, 0.0, 0.0, 0.0, 0.0, 0.0, 0.0, 0.0, 0.0, 0.0, 0.0, 0.0]",,,,,,"[""January 4"", 0.0, 0.0, 0.0, 0.0, 0.0, 0.0, 0.0, 0.0, 0.0, 0.0, 0.0, 0.0, 0.0, 0.0, 0.0, 0.0, 0.0, 0.0, 0.0, 0.0, 0.0, 0.0, 0.0, 0.0]","[""July 27"", 0.0, 0.0, 0.0, 0.0, 0.0, 0.0, 0.0, 0.0, 0.0, 0.0, 0.0, 0.0, 0.0, 0.0, 0.0, 0.0, 0.0, 0.0, 0.0, 0.0, 0.0, 0.0, 0.0, 0.0]","[0, 0, 0, 0, 0, 0, 0, 0, 0, 0, 0, 0, 0, 0, 0, 0, 0, 0, 0, 0, 0, 0, 0, 0, 0, 0, 0, 0, 0, 0, 0, 0, 0, 0, 0, 0, 0, 0, 0, 1117, 3152, 308, 311, 339, 379, 409, 1470, 1275, 0, 0, 0, 0, 0, 0, 0, 0, 0, 0, 0, 0, 0, 0, 0, 0, 0, 0, 0, 0, 0, 0, 0, 0, 0, 0, 0, 0, 0, 0, 0, 0, 0, 0, 0, 0, 0, 0, 0, 0, 0, 0, 0]",,525.941,,,,,,,,,,,,,,,,,,,,,,,,,,,,,,,,,,,,,,,,,,,,,,,,,,,,,,,,,,,,,,,,,,,,,,,,,,,,,,,,,,,,,,,,,,,,,,,,,,,,,,,,,,,,,,,,,,,,,,,,,,,,,,,,,,,,,,,,,,,,,,,,,,,,,,BESTEST Case 930,workflow/BESTEST Case 930,Success
940 - High-Mass Thermostat Setback,2.43611,0.766667,23.8396,,,6134,27,866,10,,17-OCT-14:15,3.25414,04-JAN-07:15,4.82711,"[""January 4January 4"", ""HeatingCooling"", 0.0, 0.0, 0.0, 0.0, 0.0, 0.0, 0.0, 0.0, 0.0, 0.0, 0.0, 0.0, 0.0, 0.0, 0.0, 0.0, 0.0, 0.0, 0.0, 0.0, 0.0, 0.0, 0.0, 0.0]",,,,,,"[""January 4"", 0.0, 0.0, 0.0, 0.0, 0.0, 0.0, 0.0, 0.0, 0.0, 0.0, 0.0, 0.0, 0.0, 0.0, 0.0, 0.0, 0.0, 0.0, 0.0, 0.0, 0.0, 0.0, 0.0, 0.0]","[""July 27"", 0.0, 0.0, 0.0, 0.0, 0.0, 0.0, 0.0, 0.0, 0.0, 0.0, 0.0, 0.0, 0.0, 0.0, 0.0, 0.0, 0.0, 0.0, 0.0, 0.0, 0.0, 0.0, 0.0, 0.0]","[0, 0, 0, 0, 0, 0, 0, 0, 0, 0, 0, 0, 0, 0, 0, 0, 0, 0, 0, 0, 0, 0, 0, 0, 0, 0, 0, 0, 0, 0, 47, 18, 24, 53, 78, 98, 116, 131, 179, 313, 1125, 435, 504, 534, 621, 686, 2289, 1509, 0, 0, 0, 0, 0, 0, 0, 0, 0, 0, 0, 0, 0, 0, 0, 0, 0, 0, 0, 0, 0, 0, 0, 0, 0, 0, 0, 0, 0, 0, 0, 0, 0, 0, 0, 0, 0, 0, 0, 0, 0, 0, 0]",,,,,,,,,,,,,,,,,,,,,,,,,,,,,,,,,,,,,,,,,,,,,,,,,,,,,,,,,,,,,,,,,,,,,,,,,,,,,,,,,,,,,,,,,,,,,,,,,,,,,,,,,,,,,,,,,,,,,,,,,,,,,,,,,,,,,,,,,,,,,,,,,,,,,,,,BESTEST Case 940,workflow/BESTEST Case 940,Success
950 - High-Mass Night Ventilation,0.547222,0,14.4442,,,4362,31.4418,78,-20.2036,,02-SEP-14:15,2.30077,01-JAN-00:15,0,"[""January 4January 4"", ""HeatingCooling"", 0.0, 0.0, 0.0, 0.0, 0.0, 0.0, 0.0, 0.0, 0.0, 0.0, 0.0, 0.0, 0.0, 0.0, 0.0, 0.0, 0.0, 0.0, 0.0, 0.0, 0.0, 0.0, 0.0, 0.0]",,,,,,"[""January 4"", 0.0, 0.0, 0.0, 0.0, 0.0, 0.0, 0.0, 0.0, 0.0, 0.0, 0.0, 0.0, 0.0, 0.0, 0.0, 0.0, 0.0, 0.0, 0.0, 0.0, 0.0, 0.0, 0.0, 0.0]","[""July 27"", 0.0, 0.0, 0.0, 0.0, 0.0, 0.0, 0.0, 0.0, 0.0, 0.0, 0.0, 0.0, 0.0, 0.0, 0.0, 0.0, 0.0, 0.0, 0.0, 0.0, 0.0, 0.0, 0.0, 0.0]","[5, 1, 6, 8, 8, 16, 7, 15, 8, 9, 17, 13, 18, 28, 42, 43, 74, 102, 98, 125, 150, 157, 191, 206, 240, 223, 230, 246, 259, 254, 278, 265, 255, 272, 288, 342, 311, 346, 301, 340, 353, 359, 358, 294, 271, 252, 289, 751, 19, 10, 4, 2, 0, 0, 0, 0, 0, 0, 0, 0, 0, 0, 0, 0, 0, 0, 0, 0, 0, 0, 0, 0, 0, 0, 0, 0, 0, 0, 0, 0, 0, 0, 0, 0, 0, 0, 0, 0, 0, 0, 0]",,,,,,,,,,,,,,,,,,,,,,,,,,,,,,,,,,,,,,,,,,,,,,,,,,,,,,,,,,,,,,,,,,,,,,,,,,,,,,,,,,,,,,,,,,,,,,,,,,,,,,,,,,,,,,,,,,,,,,,,,,,,,,,,,,,,,,,,,,,,,,,,,,,,,,,,BESTEST Case 950,workflow/BESTEST Case 950,Success
950FF,0,0,14.8724,,,5871,37.0881,78,-20.2036,,,,,,,,,,,,"[""January 4"", 0.0, 0.0, 0.0, 0.0, 0.0, 0.0, 0.0, 0.0, 0.0, 0.0, 0.0, 0.0, 0.0, 0.0, 0.0, 0.0, 0.0, 0.0, 0.0, 0.0, 0.0, 0.0, 0.0, 0.0]","[""July 27"", 0.0, 0.0, 0.0, 0.0, 0.0, 0.0, 0.0, 0.0, 0.0, 0.0, 0.0, 0.0, 0.0, 0.0, 0.0, 0.0, 0.0, 0.0, 0.0, 0.0, 0.0, 0.0, 0.0, 0.0]","[5, 1, 6, 8, 8, 16, 7, 15, 8, 9, 17, 13, 18, 28, 42, 43, 74, 102, 98, 125, 149, 158, 191, 203, 241, 223, 229, 243, 255, 260, 272, 268, 256, 266, 280, 341, 306, 330, 291, 347, 319, 350, 366, 293, 276, 242, 205, 186, 156, 152, 142, 96, 104, 65, 39, 9, 5, 2, 0, 0, 0, 0, 0, 0, 0, 0, 0, 0, 0, 0, 0, 0, 0, 0, 0, 0, 0, 0, 0, 0, 0, 0, 0, 0, 0, 0, 0, 0, 0, 0, 0]",,,,,,,,,,,,,,,,,,,,,,,,,,,,,,,,,,,,,,,,,,,,,,,,,,,,,,,,,,,,,,,,,,,,,,,,,,,,,,,,,,,,,,,,,,,,,,,,,,,,,,,,,,,,,,,,,,,,,,,,,,,,,,,,,,,,,,,,,,,,,,,,,,,,,,,,BESTEST Case 950FF,workflow/BESTEST Case 950FF,Success
960 - Sunspace,0.633333,2.43056,28.7831,,,6950,51.4677,870,2.14321,,16-AUG-14:45,1.14158,04-JAN-07:45,2.69744,"[""January 4January 4"", ""HeatingCooling"", 0.0, 0.0, 0.0, 0.0, 0.0, 0.0, 0.0, 0.0, 0.0, 0.0, 0.0, 0.0, 0.0, 0.0, 0.0, 0.0, 0.0, 0.0, 0.0, 0.0, 0.0, 0.0, 0.0, 0.0]",,,,,,"[""January 4"", 0.0, 0.0, 0.0, 0.0, 0.0, 0.0, 0.0, 0.0, 0.0, 0.0, 0.0, 0.0, 0.0, 0.0, 0.0, 0.0, 0.0, 0.0, 0.0, 0.0, 0.0, 0.0, 0.0, 0.0]","[""July 27"", 0.0, 0.0, 0.0, 0.0, 0.0, 0.0, 0.0, 0.0, 0.0, 0.0, 0.0, 0.0, 0.0, 0.0, 0.0, 0.0, 0.0, 0.0, 0.0, 0.0, 0.0, 0.0, 0.0, 0.0]","[0, 0, 0, 0, 0, 0, 0, 0, 0, 0, 0, 0, 0, 0, 0, 0, 0, 0, 0, 0, 0, 0, 5, 9, 12, 13, 10, 9, 22, 25, 23, 34, 37, 57, 68, 80, 105, 132, 177, 211, 257, 266, 320, 368, 383, 400, 430, 458, 476, 481, 488, 483, 432, 395, 353, 304, 227, 235, 194, 198, 138, 117, 82, 70, 55, 45, 41, 13, 14, 3, 3, 2, 0, 0, 0, 0, 0, 0, 0, 0, 0, 0, 0, 0, 0, 0, 0, 0, 0, 0, 0]",,,,,,,,,,,,,,,,,,,,,,,,,,,,,,,,,,,,,,,,,,,,,,,,,,,,,,,,,,,,,,,,,,,,,,,,,,,,,,,,,,,,,,,,,,,,,,,,,,,,,,,,,,,,,,,,,,,,,,,,,,,,,,,,,,,,,,,,,,,,,,,,,,,,,,,,BESTEST Case 960,workflow/BESTEST Case 960,Success
CE100 - Base-Case Building and Mechanical System,,,,,,,,,,,,,,,,,,,,,,,,,,,,,,,,,,,,,,,,,,,,,,,,,,,,,,,,,,,,,,,1376.38,tbd,143.554,1519.93,,,,,,,,,,,,,,,,,,,2.41243e-13,3796.59,3796.59,2.40543,0.00745617,22.212,2.40342,0.00745617,22.21,2.39775,0.00745617,22.2096,,,,,,,,,,,,,,,,,,,,,,,,,,,,,,,,,,,,,,,,,,,,,,,,,,,,,,,,,,,,,,,,,,,,,2.25555e-13,3653.04,3653.04,,,,,,,,BESTEST Case CE100,workflow/BESTEST Case CE100,Success
CE110 - Reduced Outdoor Dry-Bulb Temperature,,,,,,,,,,,,,,,,,,,,,,,,,,,,,,,,,,,,,,,,,,,,,,,,,,,,,,,,,,,,,,,941.721,tbd,127.59,1069.31,,,,,,,,,,,,,,,,,,,2.1123e-13,3762.63,3762.63,3.40222,0.00656148,22.2,3.39943,0.00656148,22.2,3.39356,0.00656148,22.2,,,,,,,,,,,,,,,,,,,,,,,,,,,,,,,,,,,,,,,,,,,,,,,,,,,,,,,,,,,,,,,,,,,,,2.01453e-13,3635.05,3635.05,,,,,,,,BESTEST Case CE110,workflow/BESTEST Case CE110,Success
CE120 - Increased Thermostat Setpoint,,,,,,,,,,,,,,,,,,,,,,,,,,,,,,,,,,,,,,,,,,,,,,,,,,,,,,,,,,,,,,,890.184,tbd,116.435,1006.62,,,,,,,,,,,,,,,,,,,1.90539e-13,3746.33,3746.33,3.60903,0.00801151,26.7001,3.60603,0.00801151,26.7001,3.59982,0.00801151,26.7001,,,,,,,,,,,,,,,,,,,,,,,,,,,,,,,,,,,,,,,,,,,,,,,,,,,,,,,,,,,,,,,,,,,,,1.50067e-13,3629.9,3629.9,,,,,,,,BESTEST Case CE120,workflow/BESTEST Case CE120,Success
CE130 - Low Part-Load Ratio,,,,,,,,,,,,,,,,,,,,,,,,,,,,,,,,,,,,,,,,,,,,,,,,,,,,,,,,,,,,,,,97.8807,tbd,10.2086,108.089,,,,,,,,,,,,,,,,,,,1.33866e-14,215.902,215.902,1.90535,0.00745822,22.2001,1.90299,0.00745822,22.2001,1.89704,0.00745822,22.2001,,,,,,,,,,,,,,,,,,,,,,,,,,,,,,,,,,,,,,,,,,,,,,,,,,,,,,,,,,,,,,,,,,,,,1.26619e-14,205.693,205.693,,,,,,,,BESTEST Case CE130,workflow/BESTEST Case CE130,Success
CE140 - Reduced Outdoor Dry-Bulb Temperature at Low Part-Load Ratio,,,,,,,,,,,,,,,,,,,,,,,,,,,,,,,,,,,,,,,,,,,,,,,,,,,,,,,,,,,,,,,59.6688,tbd,8.08346,67.7522,,,,,,,,,,,,,,,,,,,1.17808e-14,195.769,195.769,2.77351,0.00656721,22.2001,2.77017,0.00656721,22.2001,2.7637,0.00656721,22.2001,,,,,,,,,,,,,,,,,,,,,,,,,,,,,,,,,,,,,,,,,,,,,,,,,,,,,,,,,,,,,,,,,,,,,9.15179e-15,187.685,187.685,,,,,,,,BESTEST Case CE140,workflow/BESTEST Case CE140,Success
CE150 - Latent Load at High Sensible Heat Ratio,,,,,,,,,,,,,,,,,,,,,,,,,,,,,,,,,,,,,,,,,,,,,,,,,,,,,,,,,,,,,,,1057.25,tbd,140.347,1197.6,,,,,,,,,,,,,,,,,,,739.201,3769.07,4508.27,3.65169,0.00841621,22.1781,3.64723,0.0083959,22.1773,3.64194,0.00832424,22.1761,,,,,,,,,,,,,,,,,,,,,,,,,,,,,,,,,,,,,,,,,,,,,,,,,,,,,,,,,,,,,,,,,,,,,732.853,3635.07,4367.92,,,,,,,,BESTEST Case CE150,workflow/BESTEST Case CE150,Success
CE160 - Increased Thermostat Setpoint at High Sensible Heat Ratio,,,,,,,,,,,,,,,,,,,,,,,,,,,,,,,,,,,,,,,,,,,,,,,,,,,,,,,,,,,,,,,1003.84,tbd,128.378,1132.21,,,,,,,,,,,,,,,,,,,739.201,3751.27,4490.47,3.85743,0.0102691,26.675,3.85271,0.0102408,26.6724,3.84736,0.010153,26.6698,,,,,,,,,,,,,,,,,,,,,,,,,,,,,,,,,,,,,,,,,,,,,,,,,,,,,,,,,,,,,,,,,,,,,732.163,3629.93,4362.09,,,,,,,,BESTEST Case CE160,workflow/BESTEST Case CE160,Success
CE165 - Variatino fo Thermostat Setpoint and Outdoor Dry-Bulb Temperature at High Sensible Heat Ratio,,,,,,,,,,,,,,,,,,,,,,,,,,,,,,,,,,,,,,,,,,,,,,,,,,,,,,,,,,,,,,,1342.84,tbd,148.596,1491.44,,,,,,,,,,,,,,,,,,,739.201,3788.59,4527.79,2.94058,0.00939333,23.2867,2.93622,0.00936971,23.2859,2.93067,0.00928822,23.2824,,,,,,,,,,,,,,,,,,,,,,,,,,,,,,,,,,,,,,,,,,,,,,,,,,,,,,,,,,,,,,,,,,,,,733.296,3645.9,4379.19,,,,,,,,BESTEST Case CE165,workflow/BESTEST Case CE165,Success
CE170 - Reduced Sensible Load,,,,,,,,,,,,,,,,,,,,,,,,,,,,,,,,,,,,,,,,,,,,,,,,,,,,,,,,,,,,,,,562.444,tbd,73.0367,635.481,,,,,,,,,,,,,,,,,,,739.201,1485.17,2224.37,3.38919,0.0105826,22.1817,3.38536,0.0105507,22.1811,3.37906,0.0104653,22.1802,,,,,,,,,,,,,,,,,,,,,,,,,,,,,,,,,,,,,,,,,,,,,,,,,,,,,,,,,,,,,,,,,,,,,733.868,1417.47,2151.33,,,,,,,,BESTEST Case CE170,workflow/BESTEST Case CE170,Success
CE180 - Increased Latent Load,,,,,,,,,,,,,,,,,,,,,,,,,,,,,,,,,,,,,,,,,,,,,,,,,,,,,,,,,,,,,,,963.851,tbd,118.462,1082.31,,,,,,,,,,,,,,,,,,,2956.81,1523.92,4480.72,4.03615,0.0162005,22.1582,4.0305,0.0161617,22.1571,4.02403,0.0160426,22.1549,,,,,,,,,,,,,,,,,,,,,,,,,,,,,,,,,,,,,,,,,,,,,,,,,,,,,,,,,,,,,,,,,,,,,2944.77,1417.49,4362.26,,,,,,,,BESTEST Case CE180,workflow/BESTEST Case CE180,Success
CE185 - Increased Outdoor Dry-Bulb Temperature at Low Sensible Heat Ratio,,,,,,,,,,,,,,,,,,,,,,,,,,,,,,,,,,,,,,,,,,,,,,,,,,,,,,,,,,,,,,,1401.38,tbd,139.137,1540.52,,,,,,,,,,,,,,,,,,,2956.81,1564.63,4521.44,2.85018,0.0161167,22.1678,2.8447,0.0160493,22.1672,2.83678,0.0159241,22.1628,,,,,,,,,,,,,,,,,,,,,,,,,,,,,,,,,,,,,,,,,,,,,,,,,,,,,,,,,,,,,,,,,,,,,2946.82,1435.49,4382.31,,,,,,,,BESTEST Case CE185,workflow/BESTEST Case CE185,Success
CE190 - Low Part-Load Ratio at Low Sensible Heat Ratio,,,,,,,,,,,,,,,,,,,,,,,,,,,,,,,,,,,,,,,,,,,,,,,,,,,,,,,,,,,,,,,146.137,tbd,18.0103,164.147,,,,,,,,,,,,,,,,,,,369.605,204.154,573.759,3.39607,0.0161053,22.1948,3.38568,0.0158685,22.1947,3.37544,0.0157092,22.1946,,,,,,,,,,,,,,,,,,,,,,,,,,,,,,,,,,,,,,,,,,,,,,,,,,,,,,,,,,,,,,,,,,,,,368.057,187.691,555.748,,,,,,,,BESTEST Case CE190,workflow/BESTEST Case CE190,Success
CE195 - Increased Outdoor Dry-Bulb Temperature at Low Sensible Heat Rato and Low Part-Load Rato,,,,,,,,,,,,,,,,,,,,,,,,,,,,,,,,,,,,,,,,,,,,,,,,,,,,,,,,,,,,,,,227.071,tbd,22.6083,249.68,,,,,,,,,,,,,,,,,,,369.623,226.964,596.587,2.31627,0.015907,22.196,2.29886,0.0154658,22.1959,2.28834,0.0152991,22.1956,,,,,,,,,,,,,,,,,,,,,,,,,,,,,,,,,,,,,,,,,,,,,,,,,,,,,,,,,,,,,,,,,,,,,368.281,205.698,573.978,,,,,,,,BESTEST Case CE195,workflow/BESTEST Case CE195,Success
CE200 - Full-Load Test at AHRI Conditions,,,,,,,,,,,,,,,,,,,,,,,,,,,,,,,,,,,,,,,,,,,,,,,,,,,,,,,,,,,,,,,1311.85,tbd,153.484,1465.33,,,,,,,,,,,,,,,,,,,1221.03,4262.81,5483.83,3.64294,0.0114485,26.6651,3.63765,0.0114198,26.6638,3.63198,0.0113234,26.6625,,,,,,,,,,,,,,,,,,,,,,,,,,,,,,,,,,,,,,,,,,,,,,,,,,,,,,,,,,,,,,,,,,,,,1210.52,4119.83,5330.35,,,,,,,,BESTEST Case CE200,workflow/BESTEST Case CE200,Success
CE300 - Base Case 15% OA,,,,,,,,,,,,,,,,,,,,,,,,,,3.24224,24.1,19.9141,0.0116079,0.00917144,47.9548,24135.2,tbd,10862.1,34997.3,23121,55131.2,78252.3,4.01743,02-OCT,23,2.77442,15-MAR,16,15-Nov,17,0.013521,18-Dec,8,0.00194841,22-Sep,8,25.0033,18-Dec,8,10.0808,15-Nov,17,67.7788,05-Nov,6,14.3877,,,,,4.01743,31-DEC,23,2.77442,13-JUN,16,19-Jul,15,11995.9,09-Jul,13,10595.9,19-Jul,15,33058.7,19-Jul,15,23463.7,,,,,,,,,,,,,15-Nov,17,0.013521,11-Jan,3,0.00192919,22-Sep,8,25.0033,06-Jan,6,8.72449,3.21297,24.9989,25.9814,0.015889,0.0109646,55.4279,18258.7,tbd,4553.15,22811.9,18401,40263.8,58664.8,0,0,tbd,0,0,0,0,0,0,0,0,0,tbd,0,0,0,0,0,0,0,"NaN,NaN,NaN,NaN,NaN,NaN,NaN,NaN,NaN,NaN,NaN,NaN,NaN,NaN,NaN,NaN,NaN,NaN,NaN,NaN,NaN,NaN,NaN,NaN","0.0,0.0,0.0,0.0,0.0,0.0,0.0,0.0,0.0,0.0,0.0,0.0,0.0,0.0,0.0,0.0,0.0,0.0,0.0,0.0,0.0,0.0,0.0,0.0","0.0,0.0,0.0,0.0,0.0,0.0,0.0,0.0,0.0,0.0,0.0,0.0,0.0,0.0,0.0,0.0,0.0,0.0,0.0,0.0,0.0,0.0,0.0,0.0",tbd,"0.0,0.0,0.0,0.0,0.0,0.0,0.0,0.0,0.0,0.0,0.0,0.0,0.0,0.0,0.0,0.0,0.0,0.0,0.0,0.0,0.0,0.0,0.0,0.0","0.0,0.0,0.0,0.0,0.0,0.0,0.0,0.0,0.0,0.0,0.0,0.0,0.0,0.0,0.0,0.0,0.0,0.0,0.0,0.0,0.0,0.0,0.0,0.0","0.0,0.0,0.0,0.0,0.0,0.0,0.0,0.0,0.0,0.0,0.0,0.0,0.0,0.0,0.0,0.0,0.0,0.0,0.0,0.0,0.0,0.0,0.0,0.0","0.0,0.0,0.0,0.0,0.0,0.0,0.0,0.0,0.0,0.0,0.0,0.0,0.0,0.0,0.0,0.0,0.0,0.0,0.0,0.0,0.0,0.0,0.0,0.0","0.0,0.0,0.0,0.0,0.0,0.0,0.0,0.0,0.0,0.0,0.0,0.0,0.0,0.0,0.0,0.0,0.0,0.0,0.0,0.0,0.0,0.0,0.0,0.0","0.0,0.0,0.0,0.0,0.0,0.0,0.0,0.0,0.0,0.0,0.0,0.0,0.0,0.0,0.0,0.0,0.0,0.0,0.0,0.0,0.0,0.0,0.0,0.0","0.0,0.0,0.0,0.0,0.0,0.0,0.0,0.0,0.0,0.0,0.0,0.0,0.0,0.0,0.0,0.0,0.0,0.0,0.0,0.0,0.0,0.0,0.0,0.0",15-Nov,17,67.7788,05-Nov,6,14.3877,34.775,19-Jul,15,0.0218679,01-Oct,9,,,,,,,,,,,BESTEST Case CE300,workflow/BESTEST Case CE300,Fail
CE310 - High Latent Load,,,,,,,,,,,,,,,,,,,,,,,,,,3.40725,24.1023,19.9141,0.0116079,0.0111666,58.0066,28530.7,tbd,10862.1,39392.8,42180.1,55030.9,97211.1,4.38034,02-OCT,23,2.86712,02-SEP,14,30-Sep,8,0.015502,18-Dec,8,0.00195359,19-Jul,16,26.5568,18-Dec,8,10.0808,01-Oct,8,77.9267,20-Nov,8,21.2701,,,,,4.38034,31-DEC,23,2.86712,31-NOV,14,19-Jul,15,12572.2,03-Aug,15,16645,16-Sep,15,37373.2,10-Jul,16,23145.6,,,,,,,,,,,,,30-Sep,8,0.015502,05-Jan,7,0.00194347,19-Jul,16,26.5568,06-Jan,6,8.72441,3.38427,25.0082,25.9814,0.015889,0.0139957,70.3821,21712.9,tbd,4553.15,26266,33300.8,40181.4,73482.3,,0,tbd,0,0,0,0,0,0,0,,0,tbd,0,0,0,0,0,0,0,"NaN,NaN,NaN,NaN,NaN,NaN,NaN,NaN,NaN,NaN,NaN,NaN,NaN,NaN,NaN,NaN,NaN,NaN,NaN,NaN,NaN,NaN,NaN,NaN",,"0.0,0.0,0.0,0.0,0.0,0.0,0.0,0.0,0.0,0.0,0.0,0.0,0.0,0.0,0.0,0.0,0.0,0.0,0.0,0.0,0.0,0.0,0.0,0.0",tbd,"0.0,0.0,0.0,0.0,0.0,0.0,0.0,0.0,0.0,0.0,0.0,0.0,0.0,0.0,0.0,0.0,0.0,0.0,0.0,0.0,0.0,0.0,0.0,0.0","0.0,0.0,0.0,0.0,0.0,0.0,0.0,0.0,0.0,0.0,0.0,0.0,0.0,0.0,0.0,0.0,0.0,0.0,0.0,0.0,0.0,0.0,0.0,0.0","0.0,0.0,0.0,0.0,0.0,0.0,0.0,0.0,0.0,0.0,0.0,0.0,0.0,0.0,0.0,0.0,0.0,0.0,0.0,0.0,0.0,0.0,0.0,0.0",,"0.0,0.0,0.0,0.0,0.0,0.0,0.0,0.0,0.0,0.0,0.0,0.0,0.0,0.0,0.0,0.0,0.0,0.0,0.0,0.0,0.0,0.0,0.0,0.0","0.0,0.0,0.0,0.0,0.0,0.0,0.0,0.0,0.0,0.0,0.0,0.0,0.0,0.0,0.0,0.0,0.0,0.0,0.0,0.0,0.0,0.0,0.0,0.0","0.0,0.0,0.0,0.0,0.0,0.0,0.0,0.0,0.0,0.0,0.0,0.0,0.0,0.0,0.0,0.0,0.0,0.0,0.0,0.0,0.0,0.0,0.0,0.0",01-Oct,8,77.9267,11-Jan,3,18.1145,34.775,19-Jul,15,0.0218679,01-Oct,9,,,,,,,,,,,BESTEST Case CE310,workflow/BESTEST Case CE310,Fail
CE320 - Infiltration,,,,,,,,,,,,,,,,,,,,,,,,,,3.41726,24.2433,19.9141,0.0116079,0.0100414,51.4558,28462.7,tbd,10862.1,39324.8,35611.5,61653,97264.5,4.10003,02-OCT,23,2.84615,02-SEP,14,30-Sep,11,0.0177025,18-Dec,8,0.00194918,19-Jul,15,31.8433,18-Dec,8,9.02016,17-Sep,10,82.7145,05-Nov,6,14.7969,,,,,4.10003,31-DEC,23,2.82308,31-MAR,14,19-Jul,15,12988.8,01-Oct,10,22755.7,01-Oct,10,40096.6,23-Apr,15,31529.1,,,,,,,,,,,,,30-Sep,11,0.0177025,11-Jan,3,0.00193511,19-Jul,15,31.8433,06-Jan,6,7.75831,3.42933,25.5632,25.9814,0.015889,0.0127934,62.1211,22683.5,tbd,4553.15,27236.6,30560.6,47228.5,77789.1,,0,tbd,0,0,0,0,0,0,0,,0,tbd,0,0,0,0,0,0,0,"NaN,NaN,NaN,NaN,NaN,NaN,NaN,NaN,NaN,NaN,NaN,NaN,NaN,NaN,NaN,NaN,NaN,NaN,NaN,NaN,NaN,NaN,NaN,NaN",,"0.0,0.0,0.0,0.0,0.0,0.0,0.0,0.0,0.0,0.0,0.0,0.0,0.0,0.0,0.0,0.0,0.0,0.0,0.0,0.0,0.0,0.0,0.0,0.0",tbd,"0.0,0.0,0.0,0.0,0.0,0.0,0.0,0.0,0.0,0.0,0.0,0.0,0.0,0.0,0.0,0.0,0.0,0.0,0.0,0.0,0.0,0.0,0.0,0.0","0.0,0.0,0.0,0.0,0.0,0.0,0.0,0.0,0.0,0.0,0.0,0.0,0.0,0.0,0.0,0.0,0.0,0.0,0.0,0.0,0.0,0.0,0.0,0.0","0.0,0.0,0.0,0.0,0.0,0.0,0.0,0.0,0.0,0.0,0.0,0.0,0.0,0.0,0.0,0.0,0.0,0.0,0.0,0.0,0.0,0.0,0.0,0.0",,"0.0,0.0,0.0,0.0,0.0,0.0,0.0,0.0,0.0,0.0,0.0,0.0,0.0,0.0,0.0,0.0,0.0,0.0,0.0,0.0,0.0,0.0,0.0,0.0","0.0,0.0,0.0,0.0,0.0,0.0,0.0,0.0,0.0,0.0,0.0,0.0,0.0,0.0,0.0,0.0,0.0,0.0,0.0,0.0,0.0,0.0,0.0,0.0","0.0,0.0,0.0,0.0,0.0,0.0,0.0,0.0,0.0,0.0,0.0,0.0,0.0,0.0,0.0,0.0,0.0,0.0,0.0,0.0,0.0,0.0,0.0,0.0",17-Sep,10,82.7145,05-Nov,6,14.7969,34.775,19-Jul,15,0.0218679,01-Oct,9,,,,,,,,,,,BESTEST Case CE320,workflow/BESTEST Case CE320,Fail
CE330 - Outside Air,,,,,,,,,,,,,,,,,,,,,,,,,,3.50645,24.3048,19.9141,0.0116079,0.00988563,50.615,29559.3,tbd,10862.1,40421.4,40668.1,62980,103648,4.09616,02-OCT,23,2.84206,02-SEP,14,09-Jul,12,0.0178236,18-Dec,8,0.00194841,19-Jul,15,31.4958,18-Dec,8,10.0817,21-Sep,20,76.6382,05-Nov,6,14.3876,,,,,4.09616,31-DEC,23,2.82856,31-MAR,14,19-Jul,15,13356.2,17-Sep,16,27596.6,01-Oct,9,43597.9,13-Jun,14,34692.3,,,,,,,,,,,,,09-Jul,12,0.0178236,11-Jan,3,0.0019292,19-Jul,15,31.4958,06-Jan,6,8.72543,3.53403,25.496,25.9814,0.015889,0.012536,61.123,23575.2,tbd,4553.15,28128.4,34771.3,48544.2,83315.5,,0,tbd,0,0,0,0,0,0,0,,0,tbd,0,0,0,0,0,0,0,"NaN,NaN,NaN,NaN,NaN,NaN,NaN,NaN,NaN,NaN,NaN,NaN,NaN,NaN,NaN,NaN,NaN,NaN,NaN,NaN,NaN,NaN,NaN,NaN",,"0.0,0.0,0.0,0.0,0.0,0.0,0.0,0.0,0.0,0.0,0.0,0.0,0.0,0.0,0.0,0.0,0.0,0.0,0.0,0.0,0.0,0.0,0.0,0.0",tbd,"0.0,0.0,0.0,0.0,0.0,0.0,0.0,0.0,0.0,0.0,0.0,0.0,0.0,0.0,0.0,0.0,0.0,0.0,0.0,0.0,0.0,0.0,0.0,0.0","0.0,0.0,0.0,0.0,0.0,0.0,0.0,0.0,0.0,0.0,0.0,0.0,0.0,0.0,0.0,0.0,0.0,0.0,0.0,0.0,0.0,0.0,0.0,0.0","0.0,0.0,0.0,0.0,0.0,0.0,0.0,0.0,0.0,0.0,0.0,0.0,0.0,0.0,0.0,0.0,0.0,0.0,0.0,0.0,0.0,0.0,0.0,0.0",,"0.0,0.0,0.0,0.0,0.0,0.0,0.0,0.0,0.0,0.0,0.0,0.0,0.0,0.0,0.0,0.0,0.0,0.0,0.0,0.0,0.0,0.0,0.0,0.0","0.0,0.0,0.0,0.0,0.0,0.0,0.0,0.0,0.0,0.0,0.0,0.0,0.0,0.0,0.0,0.0,0.0,0.0,0.0,0.0,0.0,0.0,0.0,0.0","0.0,0.0,0.0,0.0,0.0,0.0,0.0,0.0,0.0,0.0,0.0,0.0,0.0,0.0,0.0,0.0,0.0,0.0,0.0,0.0,0.0,0.0,0.0,0.0",21-Sep,20,76.6382,05-Nov,6,14.3876,34.775,19-Jul,15,0.0218679,01-Oct,9,,,,,,,,,,,BESTEST Case CE330,workflow/BESTEST Case CE330,Fail
CE340 - Infil/OA Interaction,,,,,,,,,,,,,,,,,,,,,,,,,,3.46245,24.3201,19.9141,0.0116079,0.00990722,50.6559,29160.8,tbd,10862.1,40022.9,38670.4,62297.5,100968,4.01745,02-OCT,23,2.84206,02-SEP,14,09-Jul,12,0.0177075,18-Dec,8,0.00194841,19-Jul,15,31.7446,18-Dec,8,10.0817,17-Sep,10,80.5456,05-Nov,6,14.3876,,,,,4.01745,31-DEC,23,2.82856,31-MAR,14,19-Jul,15,13174.9,01-Oct,10,24435.5,01-Oct,10,41608.5,23-Apr,15,32737.3,,,,,,,,,,,,,09-Jul,12,0.0177075,11-Jan,3,0.0019292,19-Jul,15,31.7446,06-Jan,6,8.72543,3.48294,25.5354,25.9814,0.015889,0.0125777,61.1626,23224.2,tbd,4553.15,27777.3,33041,47847.4,80888.4,,0,tbd,0,0,0,0,0,0,0,,0,tbd,0,0,0,0,0,0,0,"NaN,NaN,NaN,NaN,NaN,NaN,NaN,NaN,NaN,NaN,NaN,NaN,NaN,NaN,NaN,NaN,NaN,NaN,NaN,NaN,NaN,NaN,NaN,NaN",,"0.0,0.0,0.0,0.0,0.0,0.0,0.0,0.0,0.0,0.0,0.0,0.0,0.0,0.0,0.0,0.0,0.0,0.0,0.0,0.0,0.0,0.0,0.0,0.0",tbd,"0.0,0.0,0.0,0.0,0.0,0.0,0.0,0.0,0.0,0.0,0.0,0.0,0.0,0.0,0.0,0.0,0.0,0.0,0.0,0.0,0.0,0.0,0.0,0.0","0.0,0.0,0.0,0.0,0.0,0.0,0.0,0.0,0.0,0.0,0.0,0.0,0.0,0.0,0.0,0.0,0.0,0.0,0.0,0.0,0.0,0.0,0.0,0.0","0.0,0.0,0.0,0.0,0.0,0.0,0.0,0.0,0.0,0.0,0.0,0.0,0.0,0.0,0.0,0.0,0.0,0.0,0.0,0.0,0.0,0.0,0.0,0.0",,"0.0,0.0,0.0,0.0,0.0,0.0,0.0,0.0,0.0,0.0,0.0,0.0,0.0,0.0,0.0,0.0,0.0,0.0,0.0,0.0,0.0,0.0,0.0,0.0","0.0,0.0,0.0,0.0,0.0,0.0,0.0,0.0,0.0,0.0,0.0,0.0,0.0,0.0,0.0,0.0,0.0,0.0,0.0,0.0,0.0,0.0,0.0,0.0","0.0,0.0,0.0,0.0,0.0,0.0,0.0,0.0,0.0,0.0,0.0,0.0,0.0,0.0,0.0,0.0,0.0,0.0,0.0,0.0,0.0,0.0,0.0,0.0",17-Sep,10,80.5456,05-Nov,6,14.3876,34.775,19-Jul,15,0.0218679,01-Oct,9,,,,,,,,,,,BESTEST Case CE340,workflow/BESTEST Case CE340,Fail
CE350 - Thermostat Set Up,,,,,,,,,,,,,,,,,,,,,,,,,,3.24667,26.2447,19.9141,0.0116079,0.00980059,44.611,20492.8,tbd,10862.1,31354.9,18228.6,48304.8,66533.4,4.75782,02-OCT,23,2.77442,15-MAR,16,01-Oct,1,0.0169457,18-Dec,8,0.00194841,30-Sep,2,35.0021,18-Dec,8,10.0808,15-Nov,17,67.7788,12-Oct,7,13.2297,,,,,4.75782,31-DEC,23,2.77442,13-JUN,16,19-Jul,15,11995.9,09-Jul,13,10596.5,19-Jul,15,33058.7,19-Jul,15,23463.7,,,,,,,,,,,,,01-Oct,1,0.0169457,11-Jan,3,0.00192919,30-Sep,2,35.0021,06-Jan,6,8.72449,3.21441,29.4873,25.9814,0.015889,0.0123309,48.4121,15004.9,tbd,4553.15,19558.1,13951.5,34280.5,48232,,0,tbd,0,0,0,0,0,0,0,,0,tbd,0,0,0,0,0,0,0,"NaN,NaN,NaN,NaN,NaN,NaN,NaN,NaN,NaN,NaN,NaN,NaN,NaN,NaN,NaN,NaN,NaN,NaN,NaN,NaN,NaN,NaN,NaN,NaN",,"0.0,0.0,0.0,0.0,0.0,0.0,0.0,0.0,0.0,0.0,0.0,0.0,0.0,0.0,0.0,0.0,0.0,0.0,0.0,0.0,0.0,0.0,0.0,0.0",tbd,"0.0,0.0,0.0,0.0,0.0,0.0,0.0,0.0,0.0,0.0,0.0,0.0,0.0,0.0,0.0,0.0,0.0,0.0,0.0,0.0,0.0,0.0,0.0,0.0","0.0,0.0,0.0,0.0,0.0,0.0,0.0,0.0,0.0,0.0,0.0,0.0,0.0,0.0,0.0,0.0,0.0,0.0,0.0,0.0,0.0,0.0,0.0,0.0","0.0,0.0,0.0,0.0,0.0,0.0,0.0,0.0,0.0,0.0,0.0,0.0,0.0,0.0,0.0,0.0,0.0,0.0,0.0,0.0,0.0,0.0,0.0,0.0",,"0.0,0.0,0.0,0.0,0.0,0.0,0.0,0.0,0.0,0.0,0.0,0.0,0.0,0.0,0.0,0.0,0.0,0.0,0.0,0.0,0.0,0.0,0.0,0.0","0.0,0.0,0.0,0.0,0.0,0.0,0.0,0.0,0.0,0.0,0.0,0.0,0.0,0.0,0.0,0.0,0.0,0.0,0.0,0.0,0.0,0.0,0.0,0.0","0.0,0.0,0.0,0.0,0.0,0.0,0.0,0.0,0.0,0.0,0.0,0.0,0.0,0.0,0.0,0.0,0.0,0.0,0.0,0.0,0.0,0.0,0.0,0.0",15-Nov,17,67.7788,12-Oct,7,13.2297,34.775,19-Jul,15,0.0218679,01-Oct,9,,,,,,,,,,,BESTEST Case CE350,workflow/BESTEST Case CE350,Fail
CE360 - Undersize,,,,,,,,,,,,,,,,,,,,,,,,,,3.68048,25.4403,19.9141,0.0116079,0.0086138,41.3849,44050,tbd,10862.1,54912.1,27444,134681,162125,4.62654,02-OCT,23,2.84206,02-SEP,14,15-Nov,17,0.013521,18-Dec,8,0.00194841,09-Jul,13,32.8193,18-Dec,8,10.081,15-Nov,17,67.7786,05-Nov,6,14.3876,,,,,4.62654,31-DEC,23,2.82856,31-MAR,14,19-Jul,15,12776.5,01-Oct,10,8908.15,01-Oct,11,38692,23-Apr,16,32410,,,,,,,,,,,,,15-Nov,17,0.013521,11-Jan,3,0.00192919,09-Jul,13,32.8193,06-Jan,6,8.72467,3.69513,28.0085,25.9814,0.015889,0.00981985,41.2013,35632.4,tbd,4553.15,40185.6,22130.8,109536,131666,,0,tbd,0,0,0,0,0,0,0,,0,tbd,0,0,0,0,0,0,0,"NaN,NaN,NaN,NaN,NaN,NaN,NaN,NaN,NaN,NaN,NaN,NaN,NaN,NaN,NaN,NaN,NaN,NaN,NaN,NaN,NaN,NaN,NaN,NaN",,"0.0,0.0,0.0,0.0,0.0,0.0,0.0,0.0,0.0,0.0,0.0,0.0,0.0,0.0,0.0,0.0,0.0,0.0,0.0,0.0,0.0,0.0,0.0,0.0",tbd,"0.0,0.0,0.0,0.0,0.0,0.0,0.0,0.0,0.0,0.0,0.0,0.0,0.0,0.0,0.0,0.0,0.0,0.0,0.0,0.0,0.0,0.0,0.0,0.0","0.0,0.0,0.0,0.0,0.0,0.0,0.0,0.0,0.0,0.0,0.0,0.0,0.0,0.0,0.0,0.0,0.0,0.0,0.0,0.0,0.0,0.0,0.0,0.0","0.0,0.0,0.0,0.0,0.0,0.0,0.0,0.0,0.0,0.0,0.0,0.0,0.0,0.0,0.0,0.0,0.0,0.0,0.0,0.0,0.0,0.0,0.0,0.0",,"0.0,0.0,0.0,0.0,0.0,0.0,0.0,0.0,0.0,0.0,0.0,0.0,0.0,0.0,0.0,0.0,0.0,0.0,0.0,0.0,0.0,0.0,0.0,0.0","0.0,0.0,0.0,0.0,0.0,0.0,0.0,0.0,0.0,0.0,0.0,0.0,0.0,0.0,0.0,0.0,0.0,0.0,0.0,0.0,0.0,0.0,0.0,0.0","0.0,0.0,0.0,0.0,0.0,0.0,0.0,0.0,0.0,0.0,0.0,0.0,0.0,0.0,0.0,0.0,0.0,0.0,0.0,0.0,0.0,0.0,0.0,0.0",15-Nov,17,67.7786,05-Nov,6,14.3876,34.775,19-Jul,15,0.0218679,01-Oct,9,,,,,,,,,,,BESTEST Case CE360,workflow/BESTEST Case CE360,Fail
CE400 - Temperature Control,,,,,,,,,,,,,,,,,,,,,,,,,,3.21883,23.1797,19.9141,0.0116079,0.00976948,53.7033,19869.7,tbd,10862.1,30731.8,22135.6,41821.5,63957,4.08817,02-OCT,23,2.77442,15-MAR,16,01-Apr,5,0.0160654,18-Dec,8,0.00194841,15-Jun,15,25.2654,18-Dec,8,10.0808,01-Apr,2,89.751,05-Nov,6,16.3281,,,,,4.08817,31-DEC,23,2.77442,13-JUN,16,19-Jul,15,11995.9,16-Jun,16,22715.9,24-Oct,15,39122.3,19-Jul,15,23463.7,,,,,,,,,,,,,01-Apr,5,0.0160654,11-Jan,3,0.00192919,15-Jun,15,25.2654,06-Jan,6,8.72449,3.20513,24.894,25.9814,0.015889,0.0117907,59.9021,16745.7,tbd,4553.15,21298.8,18668.2,35003.9,53672.1,,0,tbd,0,0,0,0,0,0,0,,0,tbd,0,0,0,0,0,0,0,"NaN,NaN,NaN,NaN,NaN,NaN,NaN,NaN,NaN,NaN,NaN,NaN,NaN,NaN,NaN,NaN,NaN,NaN,NaN,NaN,NaN,NaN,NaN,NaN",,"0.0,0.0,0.0,0.0,0.0,0.0,0.0,0.0,0.0,0.0,0.0,0.0,0.0,0.0,0.0,0.0,0.0,0.0,0.0,0.0,0.0,0.0,0.0,0.0",tbd,"0.0,0.0,0.0,0.0,0.0,0.0,0.0,0.0,0.0,0.0,0.0,0.0,0.0,0.0,0.0,0.0,0.0,0.0,0.0,0.0,0.0,0.0,0.0,0.0","0.0,0.0,0.0,0.0,0.0,0.0,0.0,0.0,0.0,0.0,0.0,0.0,0.0,0.0,0.0,0.0,0.0,0.0,0.0,0.0,0.0,0.0,0.0,0.0","0.0,0.0,0.0,0.0,0.0,0.0,0.0,0.0,0.0,0.0,0.0,0.0,0.0,0.0,0.0,0.0,0.0,0.0,0.0,0.0,0.0,0.0,0.0,0.0",,"0.0,0.0,0.0,0.0,0.0,0.0,0.0,0.0,0.0,0.0,0.0,0.0,0.0,0.0,0.0,0.0,0.0,0.0,0.0,0.0,0.0,0.0,0.0,0.0","0.0,0.0,0.0,0.0,0.0,0.0,0.0,0.0,0.0,0.0,0.0,0.0,0.0,0.0,0.0,0.0,0.0,0.0,0.0,0.0,0.0,0.0,0.0,0.0","0.0,0.0,0.0,0.0,0.0,0.0,0.0,0.0,0.0,0.0,0.0,0.0,0.0,0.0,0.0,0.0,0.0,0.0,0.0,0.0,0.0,0.0,0.0,0.0",01-Apr,2,89.751,05-Nov,6,16.3281,34.775,19-Jul,15,0.0218679,01-Oct,9,,,,,,,,,,,BESTEST Case CE400,workflow/BESTEST Case CE400,Fail
CE410 - Compressor Lockout,,,,,,,,,,,,,,,,,,,,,,,,,,3.21883,23.1797,19.9141,0.0116079,0.00976948,53.7033,19869.7,tbd,10862.1,30731.8,22135.6,41821.5,63957,4.08817,02-OCT,23,2.77442,15-MAR,16,01-Apr,5,0.0160654,18-Dec,8,0.00194841,15-Jun,15,25.2654,18-Dec,8,10.0808,01-Apr,2,89.751,05-Nov,6,16.3281,,,,,4.08817,31-DEC,23,2.77442,13-JUN,16,19-Jul,15,11995.9,16-Jun,16,22715.9,24-Oct,15,39122.3,19-Jul,15,23463.7,,,,,,,,,,,,,01-Apr,5,0.0160654,11-Jan,3,0.00192919,15-Jun,15,25.2654,06-Jan,6,8.72449,3.20513,24.894,25.9814,0.015889,0.0117907,59.9021,16745.7,tbd,4553.15,21298.8,18668.2,35003.9,53672.1,,0,tbd,0,0,0,0,0,0,0,,0,tbd,0,0,0,0,0,0,0,"NaN,NaN,NaN,NaN,NaN,NaN,NaN,NaN,NaN,NaN,NaN,NaN,NaN,NaN,NaN,NaN,NaN,NaN,NaN,NaN,NaN,NaN,NaN,NaN",,"0.0,0.0,0.0,0.0,0.0,0.0,0.0,0.0,0.0,0.0,0.0,0.0,0.0,0.0,0.0,0.0,0.0,0.0,0.0,0.0,0.0,0.0,0.0,0.0",tbd,"0.0,0.0,0.0,0.0,0.0,0.0,0.0,0.0,0.0,0.0,0.0,0.0,0.0,0.0,0.0,0.0,0.0,0.0,0.0,0.0,0.0,0.0,0.0,0.0","0.0,0.0,0.0,0.0,0.0,0.0,0.0,0.0,0.0,0.0,0.0,0.0,0.0,0.0,0.0,0.0,0.0,0.0,0.0,0.0,0.0,0.0,0.0,0.0","0.0,0.0,0.0,0.0,0.0,0.0,0.0,0.0,0.0,0.0,0.0,0.0,0.0,0.0,0.0,0.0,0.0,0.0,0.0,0.0,0.0,0.0,0.0,0.0",,"0.0,0.0,0.0,0.0,0.0,0.0,0.0,0.0,0.0,0.0,0.0,0.0,0.0,0.0,0.0,0.0,0.0,0.0,0.0,0.0,0.0,0.0,0.0,0.0","0.0,0.0,0.0,0.0,0.0,0.0,0.0,0.0,0.0,0.0,0.0,0.0,0.0,0.0,0.0,0.0,0.0,0.0,0.0,0.0,0.0,0.0,0.0,0.0","0.0,0.0,0.0,0.0,0.0,0.0,0.0,0.0,0.0,0.0,0.0,0.0,0.0,0.0,0.0,0.0,0.0,0.0,0.0,0.0,0.0,0.0,0.0,0.0",01-Apr,2,89.751,05-Nov,6,16.3281,34.775,19-Jul,15,0.0218679,01-Oct,9,,,,,,,,,,,BESTEST Case CE410,workflow/BESTEST Case CE410,Fail
CE420 - ODB Limit,,,,,,,,,,,,,,,,,,,,,,,,,,3.22103,23.2548,19.9141,0.0116079,0.00934791,51.3305,22032.6,tbd,10862.1,32894.7,21748.4,49219.4,70967.8,3.84871,02-OCT,23,2.77442,15-MAR,16,01-Apr,1,0.0147133,18-Dec,8,0.00194841,22-Sep,8,25.0033,18-Dec,8,10.0808,01-Apr,1,89.6919,05-Nov,6,16.3281,,,,,3.84871,31-DEC,23,2.77442,13-JUN,16,19-Jul,15,11995.9,09-Jul,13,10595.9,19-Jul,15,33058.7,19-Jul,15,23463.7,,,,,,,,,,,,,01-Apr,1,0.0147133,11-Jan,3,0.00192919,22-Sep,8,25.0033,06-Jan,6,8.72449,3.20549,24.9165,25.9814,0.015889,0.0111087,56.4383,17753.7,tbd,4553.15,22306.9,18057.1,38852.3,56909.4,,0,tbd,0,0,0,0,0,0,0,,0,tbd,0,0,0,0,0,0,0,"NaN,NaN,NaN,NaN,NaN,NaN,NaN,NaN,NaN,NaN,NaN,NaN,NaN,NaN,NaN,NaN,NaN,NaN,NaN,NaN,NaN,NaN,NaN,NaN",,"0.0,0.0,0.0,0.0,0.0,0.0,0.0,0.0,0.0,0.0,0.0,0.0,0.0,0.0,0.0,0.0,0.0,0.0,0.0,0.0,0.0,0.0,0.0,0.0",tbd,"0.0,0.0,0.0,0.0,0.0,0.0,0.0,0.0,0.0,0.0,0.0,0.0,0.0,0.0,0.0,0.0,0.0,0.0,0.0,0.0,0.0,0.0,0.0,0.0","0.0,0.0,0.0,0.0,0.0,0.0,0.0,0.0,0.0,0.0,0.0,0.0,0.0,0.0,0.0,0.0,0.0,0.0,0.0,0.0,0.0,0.0,0.0,0.0","0.0,0.0,0.0,0.0,0.0,0.0,0.0,0.0,0.0,0.0,0.0,0.0,0.0,0.0,0.0,0.0,0.0,0.0,0.0,0.0,0.0,0.0,0.0,0.0",,"0.0,0.0,0.0,0.0,0.0,0.0,0.0,0.0,0.0,0.0,0.0,0.0,0.0,0.0,0.0,0.0,0.0,0.0,0.0,0.0,0.0,0.0,0.0,0.0","0.0,0.0,0.0,0.0,0.0,0.0,0.0,0.0,0.0,0.0,0.0,0.0,0.0,0.0,0.0,0.0,0.0,0.0,0.0,0.0,0.0,0.0,0.0,0.0","0.0,0.0,0.0,0.0,0.0,0.0,0.0,0.0,0.0,0.0,0.0,0.0,0.0,0.0,0.0,0.0,0.0,0.0,0.0,0.0,0.0,0.0,0.0,0.0",01-Apr,1,89.6919,05-Nov,6,16.3281,34.775,19-Jul,15,0.0218679,01-Oct,9,,,,,,,,,,,BESTEST Case CE420,workflow/BESTEST Case CE420,Fail
CE430 - Enthalpy Control,,,,,,,,,,,,,,,,,,,,,,,,,,3.2175,23.2104,19.9141,0.0116079,0.00938046,51.6466,21206.5,tbd,10862.1,32068.6,21369.2,46862.8,68232,3.80442,02-OCT,23,2.77442,15-MAR,16,01-Apr,5,0.0160654,18-Dec,8,0.00194841,17-May,19,25.0035,18-Dec,8,10.0808,01-Apr,2,89.7509,05-Nov,6,16.3281,,,,,3.80442,31-DEC,23,2.77442,13-JUN,16,19-Jul,15,11995.9,23-Oct,13,11373.4,19-Jul,15,33058.7,19-Jul,15,23463.7,,,,,,,,,,,,,01-Apr,5,0.0160654,11-Jan,3,0.00192919,17-May,19,25.0035,06-Jan,6,8.72449,3.20533,24.9281,25.9814,0.015889,0.0111019,56.3546,17676.9,tbd,4553.15,22230,18070.7,38589.6,56660.2,,0,tbd,0,0,0,0,0,0,0,,0,tbd,0,0,0,0,0,0,0,"NaN,NaN,NaN,NaN,NaN,NaN,NaN,NaN,NaN,NaN,NaN,NaN,NaN,NaN,NaN,NaN,NaN,NaN,NaN,NaN,NaN,NaN,NaN,NaN",,"0.0,0.0,0.0,0.0,0.0,0.0,0.0,0.0,0.0,0.0,0.0,0.0,0.0,0.0,0.0,0.0,0.0,0.0,0.0,0.0,0.0,0.0,0.0,0.0",tbd,"0.0,0.0,0.0,0.0,0.0,0.0,0.0,0.0,0.0,0.0,0.0,0.0,0.0,0.0,0.0,0.0,0.0,0.0,0.0,0.0,0.0,0.0,0.0,0.0","0.0,0.0,0.0,0.0,0.0,0.0,0.0,0.0,0.0,0.0,0.0,0.0,0.0,0.0,0.0,0.0,0.0,0.0,0.0,0.0,0.0,0.0,0.0,0.0","0.0,0.0,0.0,0.0,0.0,0.0,0.0,0.0,0.0,0.0,0.0,0.0,0.0,0.0,0.0,0.0,0.0,0.0,0.0,0.0,0.0,0.0,0.0,0.0",,"0.0,0.0,0.0,0.0,0.0,0.0,0.0,0.0,0.0,0.0,0.0,0.0,0.0,0.0,0.0,0.0,0.0,0.0,0.0,0.0,0.0,0.0,0.0,0.0","0.0,0.0,0.0,0.0,0.0,0.0,0.0,0.0,0.0,0.0,0.0,0.0,0.0,0.0,0.0,0.0,0.0,0.0,0.0,0.0,0.0,0.0,0.0,0.0","0.0,0.0,0.0,0.0,0.0,0.0,0.0,0.0,0.0,0.0,0.0,0.0,0.0,0.0,0.0,0.0,0.0,0.0,0.0,0.0,0.0,0.0,0.0,0.0",01-Apr,2,89.7509,05-Nov,6,16.3281,34.775,19-Jul,15,0.0218679,01-Oct,9,,,,,,,,,,,BESTEST Case CE430,workflow/BESTEST Case CE430,Fail
CE440 - Outdoor Enthalpy Limit,,,,,,,,,,,,,,,,,,,,,,,,,,3.22681,23.3708,19.9141,0.0116079,0.0092286,50.2312,22369.7,tbd,10862.1,33231.8,22323.8,49858.8,72182.6,3.80442,02-OCT,23,2.77442,15-MAR,16,15-Nov,17,0.013521,18-Dec,8,0.00194841,22-Sep,8,25.0033,18-Dec,8,10.0808,20-Apr,5,72.1976,05-Nov,6,16.3281,,,,,3.80442,31-DEC,23,2.77442,13-JUN,16,19-Jul,15,11995.9,09-Jul,13,10595.9,19-Jul,15,33058.7,19-Jul,15,23463.7,,,,,,,,,,,,,15-Nov,17,0.013521,11-Jan,3,0.00192919,22-Sep,8,25.0033,06-Jan,6,8.72449,3.20913,24.9621,25.9814,0.015889,0.0110115,55.7754,17975.1,tbd,4553.15,22528.2,18275.7,39408.6,57684.3,,0,tbd,0,0,0,0,0,0,0,,0,tbd,0,0,0,0,0,0,0,"NaN,NaN,NaN,NaN,NaN,NaN,NaN,NaN,NaN,NaN,NaN,NaN,NaN,NaN,NaN,NaN,NaN,NaN,NaN,NaN,NaN,NaN,NaN,NaN",,"0.0,0.0,0.0,0.0,0.0,0.0,0.0,0.0,0.0,0.0,0.0,0.0,0.0,0.0,0.0,0.0,0.0,0.0,0.0,0.0,0.0,0.0,0.0,0.0",tbd,"0.0,0.0,0.0,0.0,0.0,0.0,0.0,0.0,0.0,0.0,0.0,0.0,0.0,0.0,0.0,0.0,0.0,0.0,0.0,0.0,0.0,0.0,0.0,0.0","0.0,0.0,0.0,0.0,0.0,0.0,0.0,0.0,0.0,0.0,0.0,0.0,0.0,0.0,0.0,0.0,0.0,0.0,0.0,0.0,0.0,0.0,0.0,0.0","0.0,0.0,0.0,0.0,0.0,0.0,0.0,0.0,0.0,0.0,0.0,0.0,0.0,0.0,0.0,0.0,0.0,0.0,0.0,0.0,0.0,0.0,0.0,0.0",,"0.0,0.0,0.0,0.0,0.0,0.0,0.0,0.0,0.0,0.0,0.0,0.0,0.0,0.0,0.0,0.0,0.0,0.0,0.0,0.0,0.0,0.0,0.0,0.0","0.0,0.0,0.0,0.0,0.0,0.0,0.0,0.0,0.0,0.0,0.0,0.0,0.0,0.0,0.0,0.0,0.0,0.0,0.0,0.0,0.0,0.0,0.0,0.0","0.0,0.0,0.0,0.0,0.0,0.0,0.0,0.0,0.0,0.0,0.0,0.0,0.0,0.0,0.0,0.0,0.0,0.0,0.0,0.0,0.0,0.0,0.0,0.0",20-Apr,5,72.1976,05-Nov,6,16.3281,34.775,19-Jul,15,0.0218679,01-Oct,9,,,,,,,,,,,BESTEST Case CE440,workflow/BESTEST Case CE440,Fail
CE500 - Base Case (0% OA),,,,,,,,,,,,,,,,,,,,,,,,,,3.21136,20.5373,19.9141,0.0116079,0.00917981,57.7564,20423.7,tbd,2629.61,23053.3,18232.4,47355.5,65587.8,4.61926,02-OCT,23,2.69475,31-APR,11,19-Jul,15,0.0113802,19-Dec,12,0.00701948,04-Apr,19,25.0014,20-Dec,2,8.95773,02-Dec,1,100,06-Nov,0,52.5527,,,,,4.61926,31-DEC,23,2.69475,30-JUL,11,19-Jul,15,10438.4,28-Jun,16,7908.98,28-Jun,16,27656.4,19-Jul,15,19795.8,,,,,,,,,,,,,19-Jul,15,0.0113802,01-Jan,1,0.0028697,04-Apr,19,25.0014,06-Jan,10,5.46987,3.14726,24.9827,25.9814,0.015889,0.0109998,55.6624,15999.9,tbd,2030.75,18030.7,13990.6,36365.2,50355.8,0,0,tbd,0,0,0,0,0,0,0,0,0,tbd,0,0,0,0,0,0,0,"NaN,NaN,NaN,NaN,NaN,NaN,NaN,NaN,NaN,NaN,NaN,NaN,NaN,NaN,NaN,NaN,NaN,NaN,NaN,NaN,NaN,NaN,NaN,NaN","0.0,0.0,0.0,0.0,0.0,0.0,0.0,0.0,0.0,0.0,0.0,0.0,0.0,0.0,0.0,0.0,0.0,0.0,0.0,0.0,0.0,0.0,0.0,0.0","0.0,0.0,0.0,0.0,0.0,0.0,0.0,0.0,0.0,0.0,0.0,0.0,0.0,0.0,0.0,0.0,0.0,0.0,0.0,0.0,0.0,0.0,0.0,0.0",tbd,"0.0,0.0,0.0,0.0,0.0,0.0,0.0,0.0,0.0,0.0,0.0,0.0,0.0,0.0,0.0,0.0,0.0,0.0,0.0,0.0,0.0,0.0,0.0,0.0","0.0,0.0,0.0,0.0,0.0,0.0,0.0,0.0,0.0,0.0,0.0,0.0,0.0,0.0,0.0,0.0,0.0,0.0,0.0,0.0,0.0,0.0,0.0,0.0","0.0,0.0,0.0,0.0,0.0,0.0,0.0,0.0,0.0,0.0,0.0,0.0,0.0,0.0,0.0,0.0,0.0,0.0,0.0,0.0,0.0,0.0,0.0,0.0","0.0,0.0,0.0,0.0,0.0,0.0,0.0,0.0,0.0,0.0,0.0,0.0,0.0,0.0,0.0,0.0,0.0,0.0,0.0,0.0,0.0,0.0,0.0,0.0","0.0,0.0,0.0,0.0,0.0,0.0,0.0,0.0,0.0,0.0,0.0,0.0,0.0,0.0,0.0,0.0,0.0,0.0,0.0,0.0,0.0,0.0,0.0,0.0","0.0,0.0,0.0,0.0,0.0,0.0,0.0,0.0,0.0,0.0,0.0,0.0,0.0,0.0,0.0,0.0,0.0,0.0,0.0,0.0,0.0,0.0,0.0,0.0","0.0,0.0,0.0,0.0,0.0,0.0,0.0,0.0,0.0,0.0,0.0,0.0,0.0,0.0,0.0,0.0,0.0,0.0,0.0,0.0,0.0,0.0,0.0,0.0",02-Dec,1,100,01-Feb,20,28.7954,34.775,19-Jul,15,0.0218679,01-Oct,9,,,,,,,,,,,BESTEST Case CE500,workflow/BESTEST Case CE500,Fail
CE510 - High PLR,,,,,,,,,,,,,,,,,,,,,,,,,,3.57949,20.5263,19.9141,0.0116079,0.00918359,57.8117,38159.6,tbd,4938.97,43098.5,38122,98469.8,136592,4.99298,02-OCT,23,2.98544,05-JAN,12,19-Jul,15,0.0113902,19-Dec,12,0.00701948,04-Apr,19,25.0014,20-Dec,2,8.95773,02-Dec,1,100,06-Nov,0,52.5513,,,,,4.99298,31-DEC,23,2.89926,31-MAR,14,19-Jul,15,11450.7,19-Apr,1,9048.15,16-Jun,14,31194.5,19-Jul,16,22227.9,,,,,,,,,,,,,19-Jul,15,0.0113902,01-Jan,1,0.0028697,04-Apr,19,25.0014,06-Jan,10,5.46987,3.55539,24.9597,25.9814,0.015889,0.0110082,55.7803,31725.1,tbd,4065.83,35790.9,31479.4,81315.6,112795,,0,tbd,0,0,0,0,0,0,0,,0,tbd,0,0,0,0,0,0,0,"NaN,NaN,NaN,NaN,NaN,NaN,NaN,NaN,NaN,NaN,NaN,NaN,NaN,NaN,NaN,NaN,NaN,NaN,NaN,NaN,NaN,NaN,NaN,NaN",,"0.0,0.0,0.0,0.0,0.0,0.0,0.0,0.0,0.0,0.0,0.0,0.0,0.0,0.0,0.0,0.0,0.0,0.0,0.0,0.0,0.0,0.0,0.0,0.0",tbd,"0.0,0.0,0.0,0.0,0.0,0.0,0.0,0.0,0.0,0.0,0.0,0.0,0.0,0.0,0.0,0.0,0.0,0.0,0.0,0.0,0.0,0.0,0.0,0.0","0.0,0.0,0.0,0.0,0.0,0.0,0.0,0.0,0.0,0.0,0.0,0.0,0.0,0.0,0.0,0.0,0.0,0.0,0.0,0.0,0.0,0.0,0.0,0.0","0.0,0.0,0.0,0.0,0.0,0.0,0.0,0.0,0.0,0.0,0.0,0.0,0.0,0.0,0.0,0.0,0.0,0.0,0.0,0.0,0.0,0.0,0.0,0.0",,"0.0,0.0,0.0,0.0,0.0,0.0,0.0,0.0,0.0,0.0,0.0,0.0,0.0,0.0,0.0,0.0,0.0,0.0,0.0,0.0,0.0,0.0,0.0,0.0","0.0,0.0,0.0,0.0,0.0,0.0,0.0,0.0,0.0,0.0,0.0,0.0,0.0,0.0,0.0,0.0,0.0,0.0,0.0,0.0,0.0,0.0,0.0,0.0","0.0,0.0,0.0,0.0,0.0,0.0,0.0,0.0,0.0,0.0,0.0,0.0,0.0,0.0,0.0,0.0,0.0,0.0,0.0,0.0,0.0,0.0,0.0,0.0",02-Dec,1,100,01-Feb,20,28.7954,34.775,19-Jul,15,0.0218679,01-Oct,9,,,,,,,,,,,BESTEST Case CE510,workflow/BESTEST Case CE510,Fail
CE520 - Low EDB 15C,,,,,,,,,,,,,,,,,,,,,,,,,,2.92348,13.6757,19.9141,0.0116079,0.00600321,60.6259,22648.9,tbd,3139.66,25788.6,18230,47983.6,66213.6,4.15083,02-OCT,23,2.46184,31-APR,11,19-Jul,16,0.00710414,09-Nov,5,0.0062569,19-Jul,16,15.2667,20-Dec,1,8.83513,19-Dec,11,89.9795,27-Nov,0,59.2029,,,,,4.15083,31-DEC,23,2.46184,30-JUL,11,19-Jul,15,11261.8,28-Jun,16,7785.24,28-Jun,16,27731.1,29-Jul,16,20012.4,,,,,,,,,,,,,19-Jul,16,0.00710414,01-Jan,4,0.0028697,19-Jul,16,15.2667,06-Jan,10,5.62191,2.86724,14.988,25.9814,0.015889,0.00684831,64.8064,17727.4,tbd,2424.47,20151.8,13990.3,36838.3,50828.6,,0,tbd,0,0,0,0,0,0,0,,0,tbd,0,0,0,0,0,0,0,"NaN,NaN,NaN,NaN,NaN,NaN,NaN,NaN,NaN,NaN,NaN,NaN,NaN,NaN,NaN,NaN,NaN,NaN,NaN,NaN,NaN,NaN,NaN,NaN",,"0.0,0.0,0.0,0.0,0.0,0.0,0.0,0.0,0.0,0.0,0.0,0.0,0.0,0.0,0.0,0.0,0.0,0.0,0.0,0.0,0.0,0.0,0.0,0.0",tbd,"0.0,0.0,0.0,0.0,0.0,0.0,0.0,0.0,0.0,0.0,0.0,0.0,0.0,0.0,0.0,0.0,0.0,0.0,0.0,0.0,0.0,0.0,0.0,0.0","0.0,0.0,0.0,0.0,0.0,0.0,0.0,0.0,0.0,0.0,0.0,0.0,0.0,0.0,0.0,0.0,0.0,0.0,0.0,0.0,0.0,0.0,0.0,0.0","0.0,0.0,0.0,0.0,0.0,0.0,0.0,0.0,0.0,0.0,0.0,0.0,0.0,0.0,0.0,0.0,0.0,0.0,0.0,0.0,0.0,0.0,0.0,0.0",,"0.0,0.0,0.0,0.0,0.0,0.0,0.0,0.0,0.0,0.0,0.0,0.0,0.0,0.0,0.0,0.0,0.0,0.0,0.0,0.0,0.0,0.0,0.0,0.0","0.0,0.0,0.0,0.0,0.0,0.0,0.0,0.0,0.0,0.0,0.0,0.0,0.0,0.0,0.0,0.0,0.0,0.0,0.0,0.0,0.0,0.0,0.0,0.0","0.0,0.0,0.0,0.0,0.0,0.0,0.0,0.0,0.0,0.0,0.0,0.0,0.0,0.0,0.0,0.0,0.0,0.0,0.0,0.0,0.0,0.0,0.0,0.0",19-Dec,11,89.9795,01-Feb,20,28.7816,34.775,19-Jul,15,0.0218679,01-Oct,9,,,,,,,,,,,BESTEST Case CE520,workflow/BESTEST Case CE520,Fail
CE522 - Low EDB 20C,,,,,,,,,,,,,,,,,,,,,,,,,,3.0671,17.1284,19.9141,0.0116079,0.00748606,59.4182,21484.8,tbd,2877.97,24362.8,18232.4,47663.6,65896.1,4.38713,02-OCT,23,2.57771,31-APR,11,19-Jul,15,0.00897485,19-Dec,12,0.00699371,12-Apr,20,20.0057,20-Dec,1,8.90518,17-Dec,8,100,06-Nov,0,57.1416,,,,,4.38713,31-DEC,23,2.57771,30-JUL,11,19-Jul,15,10902.6,28-Jun,16,7850.19,28-Jun,16,27698.3,19-Jul,15,19901.8,,,,,,,,,,,,,19-Jul,15,0.00897485,01-Jan,7,0.0028697,12-Apr,20,20.0057,06-Jan,10,5.61346,3.00686,19.9848,25.9814,0.015889,0.00871035,59.9386,16824.5,tbd,2222.61,19047.1,13990.9,36597.9,50588.9,,0,tbd,0,0,0,0,0,0,0,,0,tbd,0,0,0,0,0,0,0,"NaN,NaN,NaN,NaN,NaN,NaN,NaN,NaN,NaN,NaN,NaN,NaN,NaN,NaN,NaN,NaN,NaN,NaN,NaN,NaN,NaN,NaN,NaN,NaN",,"0.0,0.0,0.0,0.0,0.0,0.0,0.0,0.0,0.0,0.0,0.0,0.0,0.0,0.0,0.0,0.0,0.0,0.0,0.0,0.0,0.0,0.0,0.0,0.0",tbd,"0.0,0.0,0.0,0.0,0.0,0.0,0.0,0.0,0.0,0.0,0.0,0.0,0.0,0.0,0.0,0.0,0.0,0.0,0.0,0.0,0.0,0.0,0.0,0.0","0.0,0.0,0.0,0.0,0.0,0.0,0.0,0.0,0.0,0.0,0.0,0.0,0.0,0.0,0.0,0.0,0.0,0.0,0.0,0.0,0.0,0.0,0.0,0.0","0.0,0.0,0.0,0.0,0.0,0.0,0.0,0.0,0.0,0.0,0.0,0.0,0.0,0.0,0.0,0.0,0.0,0.0,0.0,0.0,0.0,0.0,0.0,0.0",,"0.0,0.0,0.0,0.0,0.0,0.0,0.0,0.0,0.0,0.0,0.0,0.0,0.0,0.0,0.0,0.0,0.0,0.0,0.0,0.0,0.0,0.0,0.0,0.0","0.0,0.0,0.0,0.0,0.0,0.0,0.0,0.0,0.0,0.0,0.0,0.0,0.0,0.0,0.0,0.0,0.0,0.0,0.0,0.0,0.0,0.0,0.0,0.0","0.0,0.0,0.0,0.0,0.0,0.0,0.0,0.0,0.0,0.0,0.0,0.0,0.0,0.0,0.0,0.0,0.0,0.0,0.0,0.0,0.0,0.0,0.0,0.0",17-Dec,8,100,01-Feb,20,28.7836,34.775,19-Jul,15,0.0218679,01-Oct,9,,,,,,,,,,,BESTEST Case CE522,workflow/BESTEST Case CE522,Fail
CE525 - High EDB,,,,,,,,,,,,,,,,,,,,,,,,,,3.50176,27.3271,19.9141,0.0116079,0.0134653,53.6082,18569.3,tbd,2191.46,20760.8,18232.4,46792.8,65025.2,5.06051,02-OCT,23,2.93331,31-APR,11,19-Jul,15,0.0178494,19-Dec,12,0.00705895,13-Jun,8,34.9856,20-Dec,2,9.03788,13-Nov,6,100,06-Nov,0,45.1009,,,,,5.06051,31-DEC,23,2.93331,30-JUL,11,19-Jul,15,9588.19,28-Jun,16,8006.53,28-Jun,16,27564.8,19-Jul,15,19599,,,,,,,,,,,,,19-Jul,15,0.0178494,01-Jan,1,0.0028697,08-Mar,12,34.9932,06-Jan,10,5.46987,3.43039,34.9792,25.9814,0.015889,0.01716,48.4341,14555.2,tbd,1691.96,16247.1,13988.7,35941.2,49929.9,,0,tbd,0,0,0,0,0,0,0,,0,tbd,0,0,0,0,0,0,0,"NaN,NaN,NaN,NaN,NaN,NaN,NaN,NaN,NaN,NaN,NaN,NaN,NaN,NaN,NaN,NaN,NaN,NaN,NaN,NaN,NaN,NaN,NaN,NaN",,"0.0,0.0,0.0,0.0,0.0,0.0,0.0,0.0,0.0,0.0,0.0,0.0,0.0,0.0,0.0,0.0,0.0,0.0,0.0,0.0,0.0,0.0,0.0,0.0",tbd,"0.0,0.0,0.0,0.0,0.0,0.0,0.0,0.0,0.0,0.0,0.0,0.0,0.0,0.0,0.0,0.0,0.0,0.0,0.0,0.0,0.0,0.0,0.0,0.0","0.0,0.0,0.0,0.0,0.0,0.0,0.0,0.0,0.0,0.0,0.0,0.0,0.0,0.0,0.0,0.0,0.0,0.0,0.0,0.0,0.0,0.0,0.0,0.0","0.0,0.0,0.0,0.0,0.0,0.0,0.0,0.0,0.0,0.0,0.0,0.0,0.0,0.0,0.0,0.0,0.0,0.0,0.0,0.0,0.0,0.0,0.0,0.0",,"0.0,0.0,0.0,0.0,0.0,0.0,0.0,0.0,0.0,0.0,0.0,0.0,0.0,0.0,0.0,0.0,0.0,0.0,0.0,0.0,0.0,0.0,0.0,0.0","0.0,0.0,0.0,0.0,0.0,0.0,0.0,0.0,0.0,0.0,0.0,0.0,0.0,0.0,0.0,0.0,0.0,0.0,0.0,0.0,0.0,0.0,0.0,0.0","0.0,0.0,0.0,0.0,0.0,0.0,0.0,0.0,0.0,0.0,0.0,0.0,0.0,0.0,0.0,0.0,0.0,0.0,0.0,0.0,0.0,0.0,0.0,0.0",13-Nov,6,100,01-Feb,20,28.7954,34.775,19-Jul,15,0.0218679,01-Oct,9,,,,,,,,,,,BESTEST Case CE525,workflow/BESTEST Case CE525,Fail
CE530 - Dry Coil,,,,,,,,,,,,,,,,,,,,,,,,,,2.96093,20.6894,19.9141,0.0116079,0.00635717,46.4113,15869.9,tbd,2124.22,17994.1,0.39868,46989.2,46989.6,4.29683,02-OCT,23,2.49272,31-APR,11,10-Apr,9,0.00633084,06-Nov,1,0.00626165,04-Apr,19,25.0075,20-Dec,2,8.95746,19-Dec,11,89.2851,17-Apr,19,31.8481,,,,,4.32265,31-DEC,23,2.49272,30-JUL,11,19-Jul,15,8299.52,08-Mar,11,165.022,19-Jul,15,19657.4,19-Jul,15,19657.4,,,,,,,,,,,,,03-Jan,15,0.00914824,05-Jan,2,0.00189086,04-Apr,19,25.0075,06-Jan,6,-4.17221,2.90145,25.0003,25.9814,0.015889,0.00632425,32.207,12435.6,tbd,1641.65,14077.3,1.52477e-12,36081.4,36081.4,0,0,tbd,0,0,0,0,0,0,0,0,0,tbd,0,0,0,0,0,0,0,"NaN,NaN,NaN,NaN,NaN,NaN,NaN,NaN,NaN,NaN,NaN,NaN,NaN,NaN,NaN,NaN,NaN,NaN,NaN,NaN,NaN,NaN,NaN,NaN","0.0,0.0,0.0,0.0,0.0,0.0,0.0,0.0,0.0,0.0,0.0,0.0,0.0,0.0,0.0,0.0,0.0,0.0,0.0,0.0,0.0,0.0,0.0,0.0","0.0,0.0,0.0,0.0,0.0,0.0,0.0,0.0,0.0,0.0,0.0,0.0,0.0,0.0,0.0,0.0,0.0,0.0,0.0,0.0,0.0,0.0,0.0,0.0",tbd,"0.0,0.0,0.0,0.0,0.0,0.0,0.0,0.0,0.0,0.0,0.0,0.0,0.0,0.0,0.0,0.0,0.0,0.0,0.0,0.0,0.0,0.0,0.0,0.0","0.0,0.0,0.0,0.0,0.0,0.0,0.0,0.0,0.0,0.0,0.0,0.0,0.0,0.0,0.0,0.0,0.0,0.0,0.0,0.0,0.0,0.0,0.0,0.0","0.0,0.0,0.0,0.0,0.0,0.0,0.0,0.0,0.0,0.0,0.0,0.0,0.0,0.0,0.0,0.0,0.0,0.0,0.0,0.0,0.0,0.0,0.0,0.0","0.0,0.0,0.0,0.0,0.0,0.0,0.0,0.0,0.0,0.0,0.0,0.0,0.0,0.0,0.0,0.0,0.0,0.0,0.0,0.0,0.0,0.0,0.0,0.0","0.0,0.0,0.0,0.0,0.0,0.0,0.0,0.0,0.0,0.0,0.0,0.0,0.0,0.0,0.0,0.0,0.0,0.0,0.0,0.0,0.0,0.0,0.0,0.0","0.0,0.0,0.0,0.0,0.0,0.0,0.0,0.0,0.0,0.0,0.0,0.0,0.0,0.0,0.0,0.0,0.0,0.0,0.0,0.0,0.0,0.0,0.0,0.0","0.0,0.0,0.0,0.0,0.0,0.0,0.0,0.0,0.0,0.0,0.0,0.0,0.0,0.0,0.0,0.0,0.0,0.0,0.0,0.0,0.0,0.0,0.0,0.0",13-Jan,8,100,17-Apr,19,31.8481,34.775,19-Jul,15,0.0218679,01-Oct,9,,,,,,,,,,,BESTEST Case CE530,workflow/BESTEST Case CE530,Fail
"CE540 - Dry Coil, Low EDB",,,,,,,,,,,,,,,,,,,,,,,,,,2.69524,13.815,19.9141,0.0116079,0.00426866,45.3936,17617.6,tbd,2494.29,20111.9,8.916,47474.7,47483.6,3.85248,02-OCT,23,2.27856,31-APR,11,05-Nov,7,0.00375898,06-Nov,1,0.00371882,18-Apr,23,15.0071,20-Dec,1,8.83372,19-Dec,11,53.7019,08-Nov,16,35.1925,,,,,4.07651,31-DEC,23,2.27856,30-JUL,11,19-Jul,15,9079.62,08-Mar,10,1732.06,19-Jul,15,19813,19-Jul,15,19813,,,,,,,,,,,,,03-Jan,15,0.00914824,05-Jan,2,0.00189086,24-Mar,5,15.0071,06-Jan,6,-4.17221,2.64287,15.0003,25.9814,0.015889,0.00375898,35.7191,13783.4,tbd,1925.51,15708.9,1.49021e-12,36427.6,36427.6,,0,tbd,0,0,0,0,0,0,0,,0,tbd,0,0,0,0,0,0,0,"NaN,NaN,NaN,NaN,NaN,NaN,NaN,NaN,NaN,NaN,NaN,NaN,NaN,NaN,NaN,NaN,NaN,NaN,NaN,NaN,NaN,NaN,NaN,NaN",,"0.0,0.0,0.0,0.0,0.0,0.0,0.0,0.0,0.0,0.0,0.0,0.0,0.0,0.0,0.0,0.0,0.0,0.0,0.0,0.0,0.0,0.0,0.0,0.0",tbd,"0.0,0.0,0.0,0.0,0.0,0.0,0.0,0.0,0.0,0.0,0.0,0.0,0.0,0.0,0.0,0.0,0.0,0.0,0.0,0.0,0.0,0.0,0.0,0.0","0.0,0.0,0.0,0.0,0.0,0.0,0.0,0.0,0.0,0.0,0.0,0.0,0.0,0.0,0.0,0.0,0.0,0.0,0.0,0.0,0.0,0.0,0.0,0.0","0.0,0.0,0.0,0.0,0.0,0.0,0.0,0.0,0.0,0.0,0.0,0.0,0.0,0.0,0.0,0.0,0.0,0.0,0.0,0.0,0.0,0.0,0.0,0.0",,"0.0,0.0,0.0,0.0,0.0,0.0,0.0,0.0,0.0,0.0,0.0,0.0,0.0,0.0,0.0,0.0,0.0,0.0,0.0,0.0,0.0,0.0,0.0,0.0","0.0,0.0,0.0,0.0,0.0,0.0,0.0,0.0,0.0,0.0,0.0,0.0,0.0,0.0,0.0,0.0,0.0,0.0,0.0,0.0,0.0,0.0,0.0,0.0","0.0,0.0,0.0,0.0,0.0,0.0,0.0,0.0,0.0,0.0,0.0,0.0,0.0,0.0,0.0,0.0,0.0,0.0,0.0,0.0,0.0,0.0,0.0,0.0",13-Jan,8,100,08-Nov,16,35.1925,34.775,19-Jul,15,0.0218679,01-Oct,9,,,,,,,,,,,BESTEST Case CE540,workflow/BESTEST Case CE540,Fail
"CE545 - Dry Coil, High EDB",,,,,,,,,,,,,,,,,,,,,,,,,,3.16621,27.4806,19.9141,0.0116079,0.00673705,38.1313,14727.9,tbd,1864.62,16592.6,3.35289e-12,46631.8,46631.8,4.63235,02-OCT,23,2.65839,31-APR,11,31-Dec,0,0.00677911,31-Mar,1,0.00677911,13-Jul,18,35.0003,20-Dec,2,9.03638,19-Dec,11,96.0579,17-Apr,17,19.2151,,,,,4.63235,31-DEC,23,2.65839,30-JUL,11,19-Jul,15,7768.46,08-Sep,15,1.00044e-11,19-Jul,15,19538.9,19-Jul,15,19538.9,,,,,,,,,,,,,03-Jan,15,0.00914824,05-Jan,2,0.00189086,13-Jul,18,35.0003,06-Jan,6,-4.17221,3.10119,35.0002,25.9814,0.015889,0.00677911,19.4273,11549.5,tbd,1441.45,12991,2.62003e-12,35817.3,35817.3,,0,tbd,0,0,0,0,0,0,0,,0,tbd,0,0,0,0,0,0,0,"NaN,NaN,NaN,NaN,NaN,NaN,NaN,NaN,NaN,NaN,NaN,NaN,NaN,NaN,NaN,NaN,NaN,NaN,NaN,NaN,NaN,NaN,NaN,NaN",,"0.0,0.0,0.0,0.0,0.0,0.0,0.0,0.0,0.0,0.0,0.0,0.0,0.0,0.0,0.0,0.0,0.0,0.0,0.0,0.0,0.0,0.0,0.0,0.0",tbd,"0.0,0.0,0.0,0.0,0.0,0.0,0.0,0.0,0.0,0.0,0.0,0.0,0.0,0.0,0.0,0.0,0.0,0.0,0.0,0.0,0.0,0.0,0.0,0.0","0.0,0.0,0.0,0.0,0.0,0.0,0.0,0.0,0.0,0.0,0.0,0.0,0.0,0.0,0.0,0.0,0.0,0.0,0.0,0.0,0.0,0.0,0.0,0.0","0.0,0.0,0.0,0.0,0.0,0.0,0.0,0.0,0.0,0.0,0.0,0.0,0.0,0.0,0.0,0.0,0.0,0.0,0.0,0.0,0.0,0.0,0.0,0.0",,"0.0,0.0,0.0,0.0,0.0,0.0,0.0,0.0,0.0,0.0,0.0,0.0,0.0,0.0,0.0,0.0,0.0,0.0,0.0,0.0,0.0,0.0,0.0,0.0","0.0,0.0,0.0,0.0,0.0,0.0,0.0,0.0,0.0,0.0,0.0,0.0,0.0,0.0,0.0,0.0,0.0,0.0,0.0,0.0,0.0,0.0,0.0,0.0","0.0,0.0,0.0,0.0,0.0,0.0,0.0,0.0,0.0,0.0,0.0,0.0,0.0,0.0,0.0,0.0,0.0,0.0,0.0,0.0,0.0,0.0,0.0,0.0",13-Jan,8,100,17-Apr,17,19.2151,34.775,19-Jul,15,0.0218679,01-Oct,9,,,,,,,,,,,BESTEST Case CE545,workflow/BESTEST Case CE545,Fail
HE100 - Base-case Building and Mechanical Systems,,,,,,,,,,,,,,,,,,,,,,,,,,,,,,,,,,,,,,,,,,,,,,,,,,,,,,,,,,,,,,,,,,,,,,,,,,,,,,,,,,,,,,,,,,,,,,,,,,,,,,,,,,,,,,,,,,,,,,,,,,,,,,,,,,,,,,,,,,,,,,,,,,,,,,,,,,,,,,,,,,,,,,,,0.000263158,0,19.8755,19.8755,19.8755,77.76,77.76,BESTEST Case HE100,workflow/BESTEST Case HE100,Success
HE110 - Efficiency Test,,,,,,,,,,,,,,,,,,,,,,,,,,,,,,,,,,,,,,,,,,,,,,,,,,,,,,,,,,,,,,,,,,,,,,,,,,,,,,,,,,,,,,,,,,,,,,,,,,,,,,,,,,,,,,,,,,,,,,,,,,,,,,,,,,,,,,,,,,,,,,,,,,,,,,,,,,,,,,,,,,,,,,,,0.000328947,0,19.8755,19.8755,19.8755,97.2,77.76,BESTEST Case HE110,workflow/BESTEST Case HE110,Success
HE120 - Stead Par-Load Test,,,,,,,,,,,,,,,,,,,,,,,,,,,,,,,,,,,,,,,,,,,,,,,,,,,,,,,,,,,,,,,,,,,,,,,,,,,,,,,,,,,,,,,,,,,,,,,,,,,,,,,,,,,,,,,,,,,,,,,,,,,,,,,,,,,,,,,,,,,,,,,,,,,,,,,,,,,,,,,,,,,,,,,,0.000129887,0,20,20,20,38.38,31.189,BESTEST Case HE120,workflow/BESTEST Case HE120,Success
HE130 - No-Load Test,,,,,,,,,,,,,,,,,,,,,,,,,,,,,,,,,,,,,,,,,,,,,,,,,,,,,,,,,,,,,,,,,,,,,,,,,,,,,,,,,,,,,,,,,,,,,,,,,,,,,,,,,,,,,,,,,,,,,,,,,,,,,,,,,,,,,,,,,,,,,,,,,,,,,,,,,,,,,,,,,,,,,,,,3.72266e-07,0,19.9922,19.9922,19.9922,0.11,0,BESTEST Case HE130,workflow/BESTEST Case HE130,Success
HE140 - Periodically Varying Part-Load Test,,,,,,,,,,,,,,,,,,,,,,,,,,,,,,,,,,,,,,,,,,,,,,,,,,,,,,,,,,,,,,,,,,,,,,,,,,,,,,,,,,,,,,,,,,,,,,,,,,,,,,,,,,,,,,,,,,,,,,,,,,,,,,,,,,,,,,,,,,,,,,,,,,,,,,,,,,,,,,,,,,,,,,,,0.000132087,0,20,20,19.9997,39.03,31.189,BESTEST Case HE140,workflow/BESTEST Case HE140,Success
HE150 - Circulating Fan Test,,,,,,,,,,,,,,,,,,,,,,,,,,,,,,,,,,,,,,,,,,,,,,,,,,,,,,,,,,,,,,,,,,,,,,,,,,,,,,,,,,,,,,,,,,,,,,,,,,,,,,,,,,,,,,,,,,,,,,,,,,,,,,,,,,,,,,,,,,,,,,,,,,,,,,,,,,,,,,,,,,,,,,,,0.000126266,433.333,20.3508,20.0265,20,37.31,31.226,BESTEST Case HE150,workflow/BESTEST Case HE150,Success
HE160 - Cycling Circulating Fan Test,,,,,,,,,,,,,,,,,,,,,,,,,,,,,,,,,,,,,,,,,,,,,,,,,,,,,,,,,,,,,,,,,,,,,,,,,,,,,,,,,,,,,,,,,,,,,,,,,,,,,,,,,,,,,,,,,,,,,,,,,,,,,,,,,,,,,,,,,,,,,,,,,,,,,,,,,,,,,,,,,,,,,,,,0.000129684,172.222,20.0013,20.0003,19.9997,38.32,31.19,BESTEST Case HE160,workflow/BESTEST Case HE160,Success
HE170 - Draft Fan Test,,,,,,,,,,,,,,,,,,,,,,,,,,,,,,,,,,,,,,,,,,,,,,,,,,,,,,,,,,,,,,,,,,,,,,,,,,,,,,,,,,,,,,,,,,,,,,,,,,,,,,,,,,,,,,,,,,,,,,,,,,,,,,,,,,,,,,,,,,,,,,,,,,,,,,,,,,,,,,,,,,,,,,,,0.000126266,475,20.3508,20.0265,20,37.31,31.226,BESTEST Case HE170,workflow/BESTEST Case HE170,Success
HE210 - Realistic Weather Data,,,,,,,,,,,,,,,,,,,,,,,,,,,,,,,,,,,,,,,,,,,,,,,,,,,,,,,,,,,,,,,,,,,,,,,,,,,,,,,,,,,,,,,,,,,,,,,,,,,,,,,,,,,,,,,,,,,,,,,,,,,,,,,,,,,,,,,,,,,,,,,,,,,,,,,,,,,,,,,,,,,,,,,,0.000178586,294.444,20.0014,20.0003,20,52.77,43.033,BESTEST Case HE210,workflow/BESTEST Case HE210,Success
HE220 - Setback Thermostat,,,,,,,,,,,,,,,,,,,,,,,,,,,,,,,,,,,,,,,,,,,,,,,,,,,,,,,,,,,,,,,,,,,,,,,,,,,,,,,,,,,,,,,,,,,,,,,,,,,,,,,,,,,,,,,,,,,,,,,,,,,,,,,,,,,,,,,,,,,,,,,,,,,,,,,,,,,,,,,,,,,,,,,,0.000168873,277.778,20.0014,18.5368,15,49.9,40.741,BESTEST Case HE220,workflow/BESTEST Case HE220,Success
HE230 - Undersized Furnace,,,,,,,,,,,,,,,,,,,,,,,,,,,,,,,,,,,,,,,,,,,,,,,,,,,,,,,,,,,,,,,,,,,,,,,,,,,,,,,,,,,,,,,,,,,,,,,,,,,,,,,,,,,,,,,,,,,,,,,,,,,,,,,,,,,,,,,,,,,,,,,,,,,,,,,,,,,,,,,,,,,,,,,,0.00014691,483.333,20.0014,15.375,1.85761,43.41,35.814,BESTEST Case HE230,workflow/BESTEST Case HE230,Success
